Regione,Provincia,Tipo Istituto,Codice,Denominazione,Indirizzo,CAP,Distretto,Telefono,Comune,Localita,Caratteristica,"DIRIGENTESCOLASTICO"
Lazio,Roma,"ISTITUTOCOMPRENSIVO",RMIC8CH00A,"VIA S.PINCHERLE140","VIAS.PINCHERLE140",00146,019,065566256,ROMA,ROMA,,ACETO PIETRO
Lazio,Roma,LICEO CLASSICO,RMPC48000P,"BERTRANDRUSSELL","VIATUSCOLANA208",00182,017,06121123005,ROMA,-,,AGLIRA' ANNA MARIA
Lazio,Roma,"ISTITUTOCOMPRENSIVO",RMIC8DW009,"IC CORRADOMELONE","P.ZZA G.FALCONES.N.C.",00055,030,0699222044,LADISPOLI,LADISPOLI,,AGRESTI RICCARDO
Lazio,Roma,"ISTITUTOCOMPRENSIVO",RMIC8DX005,IC LADISPOLI I,"VIA CASTELL.DISTABIA, 8",00055,030,069911108,LADISPOLI,LADISPOLI,,AGRESTI RICCARDO
Lazio,Roma,"ISTITUTOSUPERIORE",RMIS00100X,"I.I.S.S.DACQUISTO,69","VIA S.D'ACQUISTO,69",00049,039,0696195012,VELLETRI,VELLETRI,,ALESSANDRONI ROBERTA
Lazio,Roma,"ISTITUTOCOMPRENSIVO",RMIC8BL001,"ALFIERI LANTEDELLA ROVERE","VIA SALARIA,159",00198,010,068417958,ROMA,ROMA,,ALFANO CARLA
Lazio,Roma,"ISTITUTOCOMPRENSIVO",RMIC8EA00R,"LUIGISETTEMBRINI","VIA SEBENICO1",00198,010,068549282,ROMA,ROMA,,ALFANO CARLA
Lazio,Roma,"ISTITUTO TECNICOINDUSTRIALE",RMTF110003,"ITI GIOVANNIXXIII","VIA        TORSAPIENZA 160",00155,015,062281566,ROMA,-,,"ALLEGA ARTUROMARCELLO"
Lazio,Roma,"ISTITUTOCOMPRENSIVO",RMIC8D8001,"IC VIA P.A.MICHELI","VIAP.A.MICHELI21",00197,010,063221302,ROMA,ROMA,,ALTIERI ANNA MARIA
Lazio,Roma,"LICEOSCIENTIFICO",RMPS12000G,PEANO (ROMA),"VIA        F.MORANDINI38",00142,019,06 121125725,ROMA,-,,ANDOLINA SEBASTIANA
Lazio,Roma,"ISTITUTOCOMPRENSIVO",RMIC8GJ002,IC BRACCIANO,"VIA  PRINCIPEDI NAPOLI, 51",00062,030,0699816250,BRACCIANO,"BRACCIANO",,ANGILERI MICHELE NICOLO'
Lazio,Roma,"ISTITUTOCOMPRENSIVO",RMIC88200C,"MONTEROTONDO  VIA  BUOZZI","VIALE BRUNOBUOZZI 18",00015,032,0690626117,"MONTEROTONDO","MONTEROTONDO",,APA ROSA
Lazio,Roma,"ISTITUTOCOMPRENSIVO",RMIC8BU00G,"GROTTAFERRATA-SAN NILO","PIAZZAMARCONI, 7",00046,037,069454091,"GROTTAFERRATA","GROTTAFERRATA",,ARNABOLDI ANTONELLA
Lazio,Roma,"ISTITUTOCOMPRENSIVO",RMIC841006,"I.C.GIOVANNIPAOLO II","VIALE A.RUSPOLI, 80",00126,021,065216688,ROMA,ROMA,,ATZENI GIULIANA
Lazio,Roma,"ISTITUTOCOMPRENSIVO",RMIC8EN004,"IC ALBERTOSORDI","PIAZZAGOLA,64",00156,013,0686891674,ROMA,ROMA,,AURELI STEFANIA
Lazio,Roma,"ISTITUTOCOMPRENSIVO",RMIC8CS00B,"IC PONTE DINONA VECCHIO-LUNGHE","VIA DONPRIMOMAZZOLARI,323",00132,016,0622751820,ROMA,ROMA,,AUTIERO MARIA ROSARIA
Lazio,Roma,"LICEOSCIENTIFICO",RMPS53000N,SANDRO PERTINI,"VIACALTAGIRONE1",00055,030,06121127160,LADISPOLI,LADISPOLI,,BALDI FABIA
Lazio,Roma,LICEO CLASSICO,RMPC27000A,VIRGILIO,"VIA        GIULIA38",00186,009,06121125965,ROMA,-,,BALDRIGA IRENE
Lazio,Roma,"ISTITUTOCOMPRENSIVO",RMIC848001,"VIA L. RIZZO, 1","VIA L. RIZZO, 1",00136,025,0639720006,ROMA,ROMA,,BARBATI SILVANA
Lazio,Roma,"ISTITUTOCOMPRENSIVO",RMIC88500X,BARBARA RIZZO,"VIA UMBERTOI N. 3",00060,031,0690146602,FORMELLO,FORMELLO,,BARBATO FILOMENA
Lazio,Roma,"ISTITUTOCOMPRENSIVO",RMIC884004,"IC RAFFAELLOGIOVAGNOLI""",VIA TICINO  72,00015,032,069068053,"MONTEROTONDO","MONTEROTONDO",,BARLETTA TERESA
Lazio,Roma,"IST PROFINDUSTRIA EARTIGIANATO",RMRI08000G,O. OLIVIERI,"VIALE  G.MAZZINI 65",00019,034,06121125445,TIVOLI,-,,BASURTO CARLA
Lazio,Roma,"ISTITUTOSUPERIORE",RMIS063007,"VIAALBERGOTTI,35","VIAALBERGOTTI,35",00167,026,06121124585,ROMA,-,,BATTEZZATI CRISTINA
Lazio,Roma,"ISTITUTOCOMPRENSIVO",RMIC8FW00E,"I.C. NELSONMANDELA","VIA  DEITORRIANI 44",00164,024,0666000349,ROMA,ROMA,,BATTEZZATI CRISTINA
Lazio,Roma,"ISTITUTOCOMPRENSIVO",RMIC892003,"I.C TIVOLI IV-VINCENZOPACIFICI","VIA DELLALEONINA 8",00010,034,0774530295,TIVOLI,"VILLAADRIANA",,BELLI VIRGINIA
Lazio,Roma,"ISTITUTOCOMPRENSIVO",RMIC8G0006,"IC  TIVOLI III -VILLA ADRIANA","VIA LEONINA,6",00019,034,0774380515,TIVOLI,"VILLAADRIANA",,BELLI VIRGINIA
Lazio,Roma,LICEO CLASSICO,RMPC09000T,VIVONA,"VIA DELLAFISICA 14(EUR)",00144,020,06121123085,ROMA,ROMA,,BENINCASA DANIELA
Lazio,Roma,"ISTITUTO TECNICOINDUSTRIALE",RMTF010006,"ITI A. VOLTA(TIVOLI)","VIA        SANTAAGNESE 46",00019,034,0774335618,TIVOLI,TIVOLI,,"BERARDINI MARIACRISTINA"
Lazio,Roma,"ISTITUTOCOMPRENSIVO",RMIC8G400D,IC MONTECELIO,"VIA CIANTI, 4",00012,033,0774510126,"GUIDONIAMONTECELIO","MONTECELIO",,"BERARDINI MARIACRISTINA"
Lazio,Roma,"ISTITUTOCOMPRENSIVO",RMIC8GE009,IC VIA CENEDA,"VIA CENEDA,26",00183,017,0677209730,ROMA,ROMA,,BERNARDONI AURELIO
Lazio,Roma,"ISTITUTOCOMPRENSIVO",RMIC8CN00V,"IC ""SANVITTORINO-CORCOLLE""","VIA SPINETOLI96",00132,016,062203507,ROMA,CORCOLLE,,BIAFORA CATERINA
Lazio,Roma,"ISTITUTOCOMPRENSIVO",RMIC8BK005,"I.C.S.""VIATIBURTINAANTICA,25""","Via Tiburtinaantica 25",00185,011,06491777,ROMA,ROMA,,BIANCHI FRANCESCO
Lazio,Roma,"LICEOSCIENTIFICO",RMPS65000Q,"LICEO STATALEDEMOCRITO","VIAPRASSILLA,N.79",00124,021,06121123816,ROMA,ROMA,,BISEGNA PAOLA
Lazio,Roma,"ISTITUTOCOMPRENSIVO",RMIC8B1001,MARTA RUSSO,"VIA ITALOTORSIELLO, 57",00128,020,065061913,ROMA,ROMA,,"BOCHICCHIO CRISTINAEUCHERIA"
Lazio,Roma,LICEO CLASSICO,RMPC150008,"LICEO GINNASIOSTATALE ORAZIO","VIASAVINIO 40",00141,012,06121125256,ROMA,-,,BONCIOLINI MASSIMO
Lazio,Roma,"ISTITUTOCOMPRENSIVO",RMIC8D000A,IC NETTUNO I,"VIA ROMANA,187",00048,043,069881377,NETTUNO,NETTUNO,,BONIELLO ANNALISA
Lazio,Roma,"ISTITUTOCOMPRENSIVO",RMIC8DD00N,IC CENA,"VIASETTEVENEPALO, 338",00052,030,0699551962,CERVETERI,CERVETERI,,BORZILLO FRANCESCA
Lazio,Roma,"LICEOSCIENTIFICO",RMPS200007,"LAZZAROSPALLANZANI","VIA RIVELLESE,1",00019,034,06121128165,TIVOLI,TIVOLI,,CAGIOLA LUCIA
Lazio,Roma,"ISTITUTOCOMPRENSIVO",RMIC8FE00P,IC P.ZZA D. SAULI,"PIAZZA D.SAULI,1",00154,019,065133298,ROMA,ROMA,,CAMPITELLI MARINA
Lazio,Roma,"LICEOSCIENTIFICO",RMPS180007,"L.S.S. ""J. F.KENNEDY""","VIA NICOLAFABRIZI, 7",00153,009,06121127380,ROMA,ROMA,,CANGEMI LIDIA
Lazio,Roma,"ISTITUTOSUPERIORE",RMIS069006,"ISTITUTOISTRUZIONESUPERIORE E.AMALDI","VIADOMENICOPARASACCHI,21",00133,016,062003140,ROMA,ROMA,,CANNATA' FABIO
Lazio,Roma,"IST TECCOMMERCIALE EPER GEOMETRI",RMTD19000N,"MICHELANGELOBUONARROTI","VIAANGELO CELLI1",00044,037,06121123480,FRASCATI,-,,CARDARELLI PAOLA
Lazio,Roma,LICEO CLASSICO,RMPC29000G,"MARCO TULLIOCICERONE","VIAFONTANAVECCHIA 2",00044,037,06121126060,FRASCATI,FRASCATI,,CARDARELLI PAOLA
Lazio,Roma,"ISTITUTOCOMPRENSIVO",RMIC8CW00P,VIA DE FINETTI,"VIA BRUNO DEFINETTI, 170/B",00134,020,0650162010,ROMA,ROMA,,CARISSIMI CRISTIANA
Lazio,Roma,"ISTITUTOCOMPRENSIVO",RMIC8FL003,"IC VIA MAR DEICARAIBI","VIA MAR DEICARAIBI 30",00122,021,065681915,ROMA,"LIDO DIROMA",,CARLETTI LUCIA
Lazio,Roma,"ISTITUTOCOMPRENSIVO",RMIC80200G,"AMENDOLA  -GUTTUSO","VIADELL'IDROSCALO  82",00121,021,065615393,ROMA,ROMA,,CARLETTI LUCIA
Lazio,Roma,"ISTITUTOCOMPRENSIVO",RMIC8D6009,"I.C. VIA DELLECARINE","VIA        DELLECARINE        2",00184,009,064743873,ROMA,ROMA,,CARONI ANDREA
Lazio,Roma,"ISTITUTOCOMPRENSIVO",RMIC8G300N,"IC VIA F.BORROMEO","VIA F.BORROMEO,53",00168,027,066145764,ROMA,ROMA,,CARRINO CANDIDA
Lazio,Roma,"ISTITUTOSUPERIORE",RMIS034007,"GIORGIOAMBROSOLI","VIALE  DELLAPRIMAVERA,207",00172,015,06121122725,ROMA,ROMA,,CASALE MARIA FILOMENA
Lazio,Roma,"ISTITUTOCOMPRENSIVO",RMIC8D400N,"IC POMEZIA VIADELLA TECNICA","VIA DELLATECNICA , 3",00040,041,069120718,POMEZIA,POMEZIA,,CASALE MARIA FILOMENA
Lazio,Roma,"ISTITUTOSUPERIORE",RMIS049001,"PIAZZARESISTENZA, 1","PIAZZARESISTENZA, 1",00015,032,06121127745,"MONTEROTONDO","MONTEROTONDO",,CASCELLI LOREDANA
Lazio,Roma,"ISTITUTOCOMPRENSIVO",RMIC87400D,"FIANO VIAL.GIUSTINIANI,20","VIA L.GIUSTINIANI,20",00065,031,0765389008,"FIANOROMANO","FIANOROMANO",,CASCELLI LOREDANA
Lazio,Roma,"ISTITUTOSUPERIORE",RMIS00400B,"I. I. S.PROFESSIONALE""VIAPEDEMONTANA""","VIAPEDEMONTANA SNC",00036,036,069538087,PALESTRINA,-,,CASTALDO ESTER
Lazio,Roma,"LICEOSCIENTIFICO",RMPS48000T,LS TALETE,"VIACAMOZZI, 2",00195,025,06121124305,ROMA,ROMA,,CATANEO ALBERTO
Lazio,Roma,"ISTITUTOCOMPRENSIVO",RMIC8A600D,"ISTITUTOCOMPRENSIVOZAGAROLO","VIA COLLE DEIFRATI N. 7",00039,036,069524035,ZAGAROLO,ZAGAROLO,,CATRAMBONE ANGELINA
Lazio,Roma,"ISTITUTOCOMPRENSIVO",RMIC83000Q,"GIUSEPPEMONTEZEMOLO","VIA ANDREADI BONAIUTO,16",00142,019,065030846,ROMA,ROMA,,CAVALIERI FRANCO
Lazio,Roma,"ISTITUTOCOMPRENSIVO",RMIC8CA00G,"I.C. PIAZZALEDELLAGIOVENTU, 1","P.LE DELLAGIOVENTU, 1",00058,029,0766671371,"SANTAMARINELLA","SANTAMARINELLA",,CECCARELLI VELIA
Lazio,Roma,"ISTITUTOCOMPRENSIVO",RMIC8DC00T,"IC S. D'ACQUISTOCERVETERI","VIASETTEVENEPALO,33",00052,030,0699551100,CERVETERI,CERVETERI,,CECCARELLI VELIA
Lazio,Roma,"ISTITUTOSUPERIORE",RMIS077005,"IIS PAOLOBORSELLINO EGIOVANNIFALCONE","VIA  COLLE DEIFRATI 5/5A",00039,036,06121128225,ZAGAROLO,ZAGAROLO,,CENCIARINI MANUELA
Lazio,Roma,"ISTITUTOCOMPRENSIVO",RMIC89900T,"IC ALBERTOMANZI-GUIDONIA",VIA TRENTO,00012,033,0774354450,"GUIDONIAMONTECELIO","LOC.VILLALBA",,CERRI FRANCESCA
Lazio,Roma,"ISTITUTOCOMPRENSIVO",RMIC891007,"MARINA DICERVETERI","VIA SATRICOSNC",00050,030,069902422,CERVETERI,"MARINA DICERVETERI",,CHERUBINI LOREDANA
Lazio,Roma,"ISTITUTOCOMPRENSIVO",RMIC8DY001,IC LADISPOLI III,"VIA LA SPEZIAN. 6",00055,030,0699223963,LADISPOLI,LADISPOLI,,CHERUBINI LOREDANA
Lazio,Roma,"ISTITUTOCOMPRENSIVO",RMIC8BD00C,"CARDINALEORESTE GIORGI","VIA A.GRAMSCIS.N.C.",00038,038,069590703,"VALMONTONE","VALMONTONE",,CHIARARIA ROBERTO
Lazio,Roma,"ISTITUTOSUPERIORE",RMIS048005,LUCA PACIOLO,"VIA PIAVE, 22",00062,030,06121122285,BRACCIANO,"BRACCIANO",,"CHIMIENTI COSIMASTEFANIA ELENA"
Lazio,Roma,"LICEOSCIENTIFICO",RMPS33000X,"LICEOSCIENTIFICOSTATALE""IGNAZIO VIAN""","LARGOCESAREPAVESE, 1",00062,030,06121122345,BRACCIANO,-,,"CHIMIENTI COSIMASTEFANIA ELENA"
Lazio,Roma,"ISTITUTOCOMPRENSIVO",RMIC8DU00N,"EDUARDO DEFILIPPO -VILLANOVA","VIA Q.SELLAS.N.C",00012,033,0774528746,"GUIDONIAMONTECELIO",VILLANOVA,,"CIACCIA MARIA ROSARIAADELE"
Lazio,Roma,"ISTITUTOCOMPRENSIVO",RMIC8AH005,"GIUSEPPEGARIBALDI","VIA CARLOTODINI 56",00012,033,0774390168,"GUIDONIAMONTECELIO","SETTEVILLEDIGUIDONIA",,"CIACCIA MARIA ROSARIAADELE"
Lazio,Roma,"ISTITUTOCOMPRENSIVO",RMIC81400T,DANIELE MANIN,"VIADELL'ESQUILINO, 31",00185,009,064814647,ROMA,ROMA,,CIAI VALERIA
Lazio,Roma,"ISTITUTOSUPERIORE",RMIS10600X,"MAJORANA - VIAROMA, 298 -PISANO","VIA ROMA,298",00012,033,06121123875,"GUIDONIAMONTECELIO","GUIDONIAMONTECELIO",,CICCOTTI EUSEBIO
Lazio,Roma,"ISTITUTOCOMPRENSIVO",RMIC88600Q,"I.C. GIOVANNIFALCONE EPAOLOBORSELLINO","VIA G.B. DEMATTIA 1",00067,031,069070085,MORLUPO,MORLUPO,,CIMINELLI ROBERTO
Lazio,Roma,"IST PROF PER ISERVIZICOMMERCIALI ETURISTICI",RMRC03000T,M.PANTALEONI,"VIA        B.POSTORINO 27",00044,037,0612112672,FRASCATI,-,,CIPRANI MARILENA
Lazio,Roma,"ISTITUTOCOMPRENSIVO",RMIC8E5004,I.C. DONATELLO,"VIA MILLET, 21",00133,016,062056410,ROMA,ROMA,,CIUCCI MARCO
Lazio,Roma,"ISTITUTOCOMPRENSIVO",RMIC8EE004,"IC VIA VALMAGGIA","VIA VALMAGGIA 21",00141,012,068120005,ROMA,ROMA,,COCCIA MARIA GRAZIA
Lazio,Roma,"ISTITUTOCOMPRENSIVO",RMIC839006,"IC   VIA G.MESSINA","VIA GIUSEPPEMESSINA 51",00173,018,067210164,ROMA,ROMA,,COLICELLI STEFANIA
Lazio,Roma,"ISTITUTOCOMPRENSIVO",RMIC8GC00N,"IC LARGOVOLUMNIA","LARGOVOLUMNIA 11",00181,017,067803254,ROMA,ROMA,,COMANDE' PIERO
Lazio,Roma,"ISTITUTOCOMPRENSIVO",RMIC8GF005,"IC VIA DELCALICE","VIA DELCALICE 34/I",00178,018,067188500,ROMA,ROMA,,CONSOLI GIANLUCA
Lazio,Roma,"ISTITUTOCOMPRENSIVO",RMIC8ET00C,"I.C. VIALEVENEZIA GIULIA","VIALE VENEZIAGIULIA 50",00177,014,062592687,ROMA,ROMA,,CONTE FABIOLA
Lazio,Roma,LICEO CLASSICO,RMPC17000D,ALBERTELLI,"VIA    D.MANIN 72",00185,009,0612112752,ROMA,-,,COREA ANTONIETTA
Lazio,Roma,"IST PROF PER ISERVIZIALBERGHIERI ERISTORAZIONE",RMRH04000N,"AMERIGOVESPUCCI","VIAFACCHINETTI,42",00159,013,0643599154,ROMA,-,,COREA MARIA TERESA
Lazio,Roma,"ISTITUTOSUPERIORE",RMIS08800G,"LARGOBRODOLINI","LARGOBRODOLINI,S.N.C.",00040,041,069121822,POMEZIA,"POMEZIA(RM)",,CORNACCHIA FRANCESCO
Lazio,Roma,"ISTITUTOCOMPRENSIVO",RMIC8DF009,I.C. ANZIO II,"VIALE G.MARCONI, 161",00042,043,069862844,ANZIO,ANZIO,,CORSO ANNA MARIA
Lazio,Roma,"ISTITUTOCOMPRENSIVO",RMIC8GQ00R,"IC VIA XVISETTEMBRE","VIA XVISETTEMBRE 17",00053,029,076623270,"CIVITAVECCHIA","CIVITAVECCHIA",,CORVAIA GIOVANNINA
Lazio,Roma,"ISTITUTOCOMPRENSIVO",RMIC8AW00A,"MONTELIBRETTIPIAZZA DELLAREPU","P.ZZAREPUBBLICA,21",00010,033,0774608018,"MONTELIBRETTI","MONTELIBRETTI",,CORVINO PRISCO
Lazio,Roma,"ISTITUTOCOMPRENSIVO",RMIC8B6004,"RITA LEVIMONTALCINI","VIAM.F.NOBILIORE,78",00175,018,067102776,ROMA,ROMA,,COSTARELLI CRISTINA
Lazio,Roma,"ISTITUTOCOMPRENSIVO",RMIC8GX001,"IC PARCO DELLAVITTORIA","VIA ANTONIOMORDINI, 19",00195,025,0637500227,ROMA,ROMA,,COSTETTI CARLA
Lazio,Roma,"ISTITUTOCOMPRENSIVO",RMIC83600P,"I.C.""MARCOULPIO TRAIANO""","VIA  DIDRAGONE,445",00126,021,065219617,ROMA,ROMA,,CRAIZER FRANCA
Lazio,Roma,"ISTITUTOCOMPRENSIVO",RMIC8A400T,"IC S.MARIADELLE MOLE",VIA G. PRATI,00040,040,0693543349,MARINO,"LOC.  S.MARIADELLEMOLE",,CREA CARMELA
Lazio,Roma,"SCUOLA PRIMOGRADO","RMMM535008","UMBERTONOBILE","VIA MURA DEIFRANCESI  174",00043,040,0679320097,CIAMPINO,-,,CREA CARMELA
Lazio,Roma,"ISTITUTOSUPERIORE",RMIS08100R,ENZO FERRARI,"VIAGROTTAFERRATA, 76 - TEL.06/121122325",00178,017,06121122325,ROMA,ROMA,,CREA IDA
Lazio,Roma,"ISTITUTOCOMPRENSIVO",RMIC8EG00Q,"IC P.ZZAFILATTIERA","P.ZZAFILATTIERA, 84",00139,012,068102978,ROMA,ROMA,,CREA SIMONA
Lazio,Roma,"ISTITUTOSUPERIORE",RMIS02300R,"VIA SARANDI', 11","VIA   DELLACECCHINA, 20",00139,012,06121123505,ROMA,-,,CRESTINI DANIELA
Lazio,Roma,"ISTITUTOCOMPRENSIVO",RMIC8EP00Q,"IC GIOVANNIFALCONE","PIAZZALEHEGEL 10",00137,013,0686891611,ROMA,ROMA,,"CROCE VIRGINIAANTONELLA"
Lazio,Roma,"ISTITUTOMAGISTRALE",RMPM180008,"VITTORIACOLONNA","VIADELL'ARCODEL MONTE 99",00186,009,0612112516,ROMA,-,,"D'AMORE LINA MARIAROSARIA"
Lazio,Roma,"LICEOSCIENTIFICO",RMPS31000P,"BRUNOTOUSCHEK",VIA KENNEDY,00046,037,06121127785,"GROTTAFERRATA","GROTTAFERRATA",,D'ANNA PAOLO
Lazio,Roma,"ISTITUTOCOMPRENSIVO",RMIC83500V,"FONTANILEANAGNINO","VIAFONTANILEANAGNINO,123",00118,018,067900151,ROMA,"BORGATAMORENA",,D'ANNA PAOLO
Lazio,Roma,"ISTITUTO TECNICOINDUSTRIALE",RMTF02000R,ARMELLINI,"VIAPLACIDORICCARDI 13",00146,019,06121127360,ROMA,-,,DANTE DOMENICO
Lazio,Roma,"ISTITUTOSUPERIORE",RMIS113003,"CROCE -ALERAMO","VIALEBATTISTABARDANZELLU7",00155,013,06121122925,ROMA,ROMA,,D'APONTE EMILIA
Lazio,Roma,"ISTITUTOCOMPRENSIVO",RMIC84500D,"DANTEALIGHIERI","VIACASSIODORO,2/A",00193,025,066878011,ROMA,ROMA,,D'ARCO GIOVANNA
Lazio,Roma,ISTITUTO D'ARTE,RMSD06000G,"LICEO ARTISTICOENZO ROSSI","VIA DELFRANTOIO 4",00159,013,064074791,ROMA,-,,DARDANELLI MARIAGRAZIA
Lazio,Roma,"ISTITUTOCOMPRENSIVO",RMIC812006,IC FIDENAE,"VIARUSSOLILLO,64",00138,012,068816178,ROMA,ROMA,,DATO DONATELLA
Lazio,Roma,"IST PROF PER ISERVIZIALBERGHIERI ERISTORAZIONE",RMRH02000C,"PELLEGRINOARTUSI","VIA PIZZO DICALABRIA,5",00178,018,067129111,ROMA,ROMA,,DE ANGELIS ANTONIETTA
Lazio,Roma,"ISTITUTOSUPERIORE",RMIS013006,"LEONARDO DAVINCI","VIA CAVOUR,258",00184,009,06121128185,ROMA,ROMA,,DE ANGELIS CURTIS IRENE
Lazio,Roma,"LICEOSCIENTIFICO",RMPS26000V,LS PASTEUR,"VIABARELLAI 130",00135,027,063386628,ROMA,"MONTEMARIO",,DE CARO MARIA ADELE
Lazio,Roma,"ISTITUTOCOMPRENSIVO",RMIC8GS00T,IC OCTAVIA,"VIA GIUSEPPEMAZZATINTI,15",00135,027,0630810141,ROMA,ROMA,,DE CARO MARIA ADELE
Lazio,Roma,"ISTITUTOSUPERIORE",RMIS08200L,"I.I.S.S.""CARAVAGGIO""","VIALE CARLOTOMMASOODESCALCHI,98",00147,019,00065123580,ROMA,ROMA,,DE CAROLIS FLAVIO
Lazio,Roma,"ISTITUTOCOMPRENSIVO",RMIC8E0001,PIAZZA DE CUPIS,"PIAZZA DECUPIS,20",00155,015,062280672,ROMA,"LOC. TORSAPIENZA",,DE MICHELE LUCIA
Lazio,Roma,"ISTITUTOMAGISTRALE",RMPM12000L,"GIORDANOBRUNO","VIA DELLABUFALOTTA594",00139,012,0687137519,ROMA,-,,DE PAOLIS PAOLO
Lazio,Roma,"ISTITUTOCOMPRENSIVO",RMIC81100A,CARLO LEVI,"VIASERRAPETRONA, 121 ROMA",00138,012,0688522322,ROMA,ROMA,,DE PAOLIS PAOLO
Lazio,Roma,LICEO ARTISTICO,RMSL07000L,"LICEO ARTISTICOSTATALE ""VIA DIRIPETTA""","VIA   DIRIPETTA, 218",00186,009,06121123460,ROMA,ROMA,,DE SANTIS ANNA
Lazio,Roma,"ISTITUTO TECNICOINDUSTRIALE",RMTF19000X,LUIGI TRAFELLI,"VIA        S.BARBARA, 53",00048,043,06121127610,NETTUNO,-,,DE SIMONI SIMONETTA
Lazio,Roma,"ISTITUTOSUPERIORE",RMIS00800P,"IS  LEOPOLDOPIRELLI","VIA     ROCCADI PAPA, 113",00179,017,06121122305,ROMA,ROMA,,DE VINCENZI FLAVIA
Lazio,Roma,"ISTITUTOCOMPRENSIVO",RMIC84300T,"VIA SOLIDATITIBURZI","VIA SOLIDATITIBURZI, 2",00149,023,0655272394,ROMA,ROMA,,DEFINA VALERIA
Lazio,Roma,"ISTITUTO TECNICOPER IL TURISMO",RMTN02000C,"ITTUR  LIVIABOTTARDI","VIA  FILIBERTOPETITI N. 97",00155,015,06121126565,ROMA,ROMA,,D'ELIA GIOVANNI VALERIO
Lazio,Roma,"ISTITUTOSUPERIORE",RMIS11600E,"ELIANO - VIAPEDEMONTANA -LUZZATTI","VIAPEDEMONTANA SNC",00036,036,069538024,PALESTRINA,"PALESTRINA (RM)",,DELISI CINZIA
Lazio,Roma,"ISTITUTOMAGISTRALE",RMPM07000R,ISABELLA D'ESTE,"LARGOGIOVANNABAJA 9",00019,034,0774335643,TIVOLI,-,,DELLE FRATTE LUCILLA
Lazio,Roma,"ISTITUTOSUPERIORE",RMIS01600N,"VIA DELLE SETTECHIESE, 259","VIA   DELLESETTE CHIESE,259",00147,019,06121124065,ROMA,-,,DI GIUSEPPE ROSELLA
Lazio,Roma,"ISTITUTOCOMPRENSIVO",RMIC8BG00X,"ETTOREMAJORANA-LANUVIO","VIA CARLOMARX S.N.C.",00040,042,069303153,LANUVIO,"LANUVIO-LOC.PASCOLARE",,DI MAMBRO VELIA
Lazio,Roma,"ISTITUTOCOMPRENSIVO",RMIC898002,"LEONARDO DAVINCI","VIA DOUHET6",00012,033,0774342850,"GUIDONIAMONTECELIO","GUIDONIAMONTECELIO",,DI MARCO GABRIELLA
Lazio,Roma,"ISTITUTOCOMPRENSIVO",RMIC8AS009,"MARCELLINA VIAA. MANZONI,3","VIA A.MANZONI,3",00010,033,0774424464,MARCELLINA,"MARCELLINA",,DI MARCO IRENE
Lazio,Roma,"ISTITUTOCOMPRENSIVO",RMIC8G1002,"IC VIA CORNELIA,73","VIA CORNELIA73",00166,026,066240602,ROMA,ROMA,,DI MATTEO SIMONA
Lazio,Roma,"ISTITUTOCOMPRENSIVO",RMIC87200T,S. FRANCESCO,"VIA S.FRANCESCO,271",00061,030,069996621,"ANGUILLARASABAZIA","ANGUILLARASABAZIA",,DI MURO PAOLA
Lazio,Roma,"DIREZIONEDIDATTICA",RMEE20500V,CD ANGUILLARA,"VIA G.VERDI, 1",00061,030,069968250,"ANGUILLARASABAZIA","LOC. SANFRANCESCO",,DI NAPOLI PAOLA
Lazio,Roma,"ISTITUTOCOMPRENSIVO",RMIC804007,"I.C. FALCONE EBORSELLINO","VIA GIOVANNIDA PROCIDA16",00162,011,0644266693,ROMA,ROMA,,DI PALO CINZIA
Lazio,Roma,"ISTITUTOCOMPRENSIVO",RMIC8D500D,"I.C. VELLETRINORD","VIAFONTANADELLA ROSA159",00049,039,069630247,VELLETRI,VELLETRI,,DI RUZZA GAETANA GINA
Lazio,Roma,"ISTITUTOCOMPRENSIVO",RMIC8F8006,"I.C. VELLETRISUD-OVEST","VIAACQUAVIVOLA,3",00049,039,0696195039,VELLETRI,VELLETRI,,DI RUZZA GAETANA GINA
Lazio,Roma,"ISTITUTOCOMPRENSIVO",RMIC85200L,"ANTONIO DECURTIS","VIA DELLATENUTA DITORRENOVA130",00133,016,062022705,ROMA,ROMA,,DI SALVATORE SERAFINA
Lazio,Roma,"ISTITUTOCOMPRENSIVO",RMIC8GU00D,"I.C. PAOLOSTEFANELLI","VIAPESTALOZZI, 5",00168,027,063052359,ROMA,ROMA,,DI SILVESTRE FLAVIO
Lazio,Roma,"ISTITUTOCOMPRENSIVO",RMIC846009,PIO LA TORRE,"VIA DITORREVECCHIA 793",00168,027,066146943,ROMA,ROMA,,DI SILVESTRE FLAVIO
Lazio,Roma,"LICEOSCIENTIFICO",RMPS19000T,"LICEOSCIENTIFICOKEPLERO","VIA SILVESTROGHERARDI,N.87/89",00146,023,065585352,ROMA,ROMA,,"DI SPIGNO MARIACONCETTA"
Lazio,Roma,"ISTITUTOCOMPRENSIVO",RMIC8AC002,"PAOLOBORSELLINO","VIA G. FELICI,14",00040,037,069485056,"MONTECOMPATRI","MONTECOMPATRI",,DI TOMMASO LOREDANA
Lazio,Roma,"ISTITUTOCOMPRENSIVO",RMIC8A100A,"IC MARINOCENTRO","VIA OLOGALBANIS.N.C.",00047,040,069385389,MARINO,MARINO,,DI VICO GIUSEPPE
Lazio,Roma,"ISTITUTOCOMPRENSIVO",RMIC8BA001,"GIUSEPPEGARIBALDI","VIAEDMONDO DEAMICIS, 12",00045,042,0693953112,"GENZANO DIROMA","GENZANODI ROMA",,DI VICO GIUSEPPE
Lazio,Roma,"ISTITUTOCOMPRENSIVO",RMIC8D2002,IC NETTUNO III,"VIA OLMATA,86",00048,043,069881356,NETTUNO,NETTUNO,,DIANA MARGHERITA
Lazio,Roma,"ISTITUTOCOMPRENSIVO",RMIC8DA006,IC ARDEA II,"VIA TANARO,SNC",00040,041,0691010779,ARDEA,"ARDEA-TOR S.LORENZO",,RAPONI ENRICO
Lazio,Roma,"ISTITUTOSUPERIORE",RMIS05200R,CESARE BATTISTI,"VIA DEI LAURI,1",00049,039,06121125136,VELLETRI,VELLETRI,,DIBENNARDO EUGENIO
Lazio,Roma,"ISTITUTOCOMPRENSIVO",RMIC8CT007,"I.C. VIARUGANTINO 91","VIADELL'AQUILAREALE N.50",00169,016,06260149,ROMA,ROMA,,DONEGA' ANNA
Lazio,Roma,"ISTITUTOSUPERIORE",RMIS00900E,"IISS ITC DIVITTORIO-ITILATTANZIO","VIA TEANO223",00177,014,06121122405,ROMA,ROMA,,DORE CLAUDIO
Lazio,Roma,"ISTITUTOCOMPRENSIVO",RMIC8C700E,I.C. ANZIO III,"VIAMACHIAVELLI",00042,043,069873212,ANZIO,"LAVINIOSTAZIONE-ANZIO",,D'ORSO MARIA TERESA
Lazio,Roma,"ISTITUTOCOMPRENSIVO",RMIC8D1006,IC NETTUNO II,"VIA CAP. D.CANDUCCI, 15",00048,043,069851867,NETTUNO,NETTUNO,,D'ORSO MARIA TERESA
Lazio,Roma,"ISTITUTOCOMPRENSIVO",RMIC8BJ00G,"ISTITUTOCOMPRENSIVO""F.DE SANC","V.LE V.VENETO,  2",00045,042,0693711266,"GENZANO DIROMA","GENZANODI ROMA",,DRAISCI ANTONIO
Lazio,Roma,"ISTITUTOCOMPRENSIVO",RMIC8F700A,I.C. GINO FELCI,"VIA PAOLINA,126",00049,039,0696199030,VELLETRI,VELLETRI,,DRAISCI ANTONIO
Lazio,Roma,"ISTITUTOCOMPRENSIVO",RMIC8CE00V,"LEONARDO DAVINCI","VIALEONARDO DAVINCI N. 34",00030,038,069510064,LABICO,LABICO,,DRUELLA ANNA
Lazio,Roma,"ISTITUTOCOMPRENSIVO",RMIC8FK007,"IC VIA GIULIANODA SANGALLO","VIA GIULIANODA SANGALLO,11",00121,021,065691345,ROMA,OSTIA,,DURANTE MAURIZIO
Lazio,Roma,"ISTITUTOCOMPRENSIVO",RMIC8GB00T,IC ALBANO,"VIA VIRGILIO,29",00041,042,069320129,"ALBANOLAZIALE","ALBANOLAZIALE",,ELISEO MARIA LEA
Lazio,Roma,"ISTITUTOCOMPRENSIVO",RMIC84400N,"VIA BOCCEA, 590","VIABOCCEA590",00166,026,0661568029,ROMA,ROMA,,ESPOSITO ERMENEGILDA
Lazio,Roma,"ISTITUTOCOMPRENSIVO",RMIC8EB00L,"I.C. SINOPOLI-FERRINI","VIA PIETROMASCAGNI,172",00199,010,068600694,ROMA,ROMA,,ESTERINI MARINA
Lazio,Roma,"ISTITUTOCOMPRENSIVO",RMIC821001,"VIA R. FUCINI,265","VIA R. FUCINI265",00137,012,06824386,ROMA,ROMA,,ESTERINI MARINA
Lazio,Roma,"ISTITUTOCOMPRENSIVO",RMIC8C9006,IC ARDEA I,"VIALAURENTINAKM. 32,500",00040,041,0691389061,ARDEA,"SANTANTONIO -ARDEA",,EUFEMI CARLO
Lazio,Roma,"ISTITUTOCOMPRENSIVO",RMIC8C800A,IC ARDEA III,VIA VICENZA,00040,041,069130843,ARDEA,"ARDEA -NUOVAFLORIDA",,EUFEMI CARLO
Lazio,Roma,"ISTITUTOSUPERIORE",RMIS06600P,"LUIGICALAMATTA","VIA A.DASANGALLO, 3",00053,029,0612112792,"CIVITAVECCHIA","CIVITAVECCHIA",,FANELLI EMANUELA
Lazio,Roma,"ISTITUTOCOMPRENSIVO",RMIC85300C,"MARTIN LUTHERKING","VIA DEGLIORAFI,30",00133,016,062023663,ROMA,ROMA,,FANTI MARIA LAURA
Lazio,Roma,"ISTITUTOCOMPRENSIVO",RMIC8E4008,IC VIA MARELLI,"VIA ERCOLEMARELLI, 21",00133,016,062054109,ROMA,ROMA,,FARDA ENRICO
Lazio,Roma,"ISTITUTOCOMPRENSIVO",RMIC82700X,"I.C. MELISSABASSI","VIADELL'ARCHEOLOGIA 137",00133,016,062009904,ROMA,ROMA,,"FARDA ENRICO ReggenteCASTELLANI DANIELE inaspettativa fino al 31/8/2017Titolare)"
Lazio,Roma,"ISTITUTOCOMPRENSIVO",RMIC81600D,"FRATELLIBANDIERA","PIAZZARUGGERO DISICILIA, 2",00162,011,064402946,ROMA,ROMA,,FARRIS VALTER
Lazio,Roma,"ISTITUTOCOMPRENSIVO",RMIC8FR002,"FRANCESCOCILEA","VIAFRANCESCOCILEA 269",00124,021,0650913962,ROMA,"INFERNETTO",,FASANO GERARDINA
Lazio,Roma,LICEO CLASSICO,RMPC420003,LUCREZIO CARO,"VIAVENEZUELA 30",00196,010,06121125355,ROMA,ROMA,,FATTORETTO PAOLA
Lazio,Roma,"LICEOSCIENTIFICO",RMPS010004,LABRIOLA,"VIA        CAPOSPERONE, 50",00122,021,121128005,ROMA,"ROMA-OSTIA",,FATTORINI OTTAVIO
Lazio,Roma,"ISTITUTOCOMPRENSIVO",RMIC8C3007,I.C. DI  FRASCATI,"VIA DONBOSCO 8",00044,037,069422630,FRASCATI,FRASCATI,,FELICETTI PAOLA
Lazio,Roma,"ISTITUTOCOMPRENSIVO",RMIC8F2007,"IC VIACUTIGLIANO","VIACUTIGLIANO,82",00146,023,0655264932,ROMA,ROMA,,FELLI PAOLA
Lazio,Roma,"ISTITUTOCOMPRENSIVO",RMIC8E600X,IC VIA E. MACRO,"VIA EMILIOMACRO, 25/31",00169,016,0623238844,ROMA,ROMA,,FEMMINO' ANTONELLA
Lazio,Roma,"ISTITUTOSUPERIORE",RMIS099002,"VIA GRAMSCIS.N.C.","VIA GRAMSCI,S.N.C.",00034,038,0697710009,"VALMONTONE",-,,FIASCHETTI PATRIZIA
Lazio,Roma,"ISTITUTOCOMPRENSIVO",RMIC86100B,"I.C.INDROMONTANELLI","PIAZZA L.CERVA, 45",00143,020,065010348,ROMA,ROMA,,FIASCHITELLO STEFANIA
Lazio,Roma,"ISTITUTOCOMPRENSIVO",RMIC869002,"DOMENICOPURIFICATO","VIA DELLAFONTEMERAVIGLIOSA  79",00143,020,065040904,ROMA,ROMA,,FINI MANUELA
Lazio,Roma,"ISTITUTOCOMPRENSIVO",RMIC8B5008,"VIA F.SANTI, 65","VIA F. SANTI65",00155,013,064067820,ROMA,ROMA,,FIORANI ANNA
Lazio,Roma,"ISTITUTOCOMPRENSIVO",RMIC8EQ00G,"IC VIA BELFORTEDEL CHIENTI","VIA  BELFORTEDEL CHIENTI,24",00156,013,0641217716,ROMA,ROMA,,FIORANI MALVINA
Lazio,Roma,"ISTITUTOMAGISTRALE",RMPM08000B,"MARGHERITA DISAVOIA","VIACERVETERI,55/57",00183,017,06121122065,ROMA,-,,FIORINI NOEMI
Lazio,Roma,LICEO CLASSICO,RMPC21000P,PLAUTO,"VIA        A.RENZINI 70",00128,020,06121127400,ROMA,"ROMA-SPINACETO",,FIRMANI CARLO
Lazio,Roma,LICEO CLASSICO,RMPC05000B,"BENEDETTO DANORCIA","VIASARACINESCON. 18",00171,014,06121123125,ROMA,-,,FODDAI FABIO
Lazio,Roma,"ISTITUTOSUPERIORE",RMRH080004,I.P.S.S.E.O.A.,"VIA ALCIDE DEGASPERI  N. 8",00018,033,06 121125195,"PALOMBARASABINA","PALOMBARA SABINA",,FOLI SONIA
Lazio,Roma,"ISTITUTOCOMPRENSIVO",RMIC833007,"""GIANNIRODARI"" - VIANIOBE","VIA        NIOBE52",00118,018,0679896266,ROMA,MORENA,,FORESTA MARIA PIA
Lazio,Roma,"ISTITUTOCOMPRENSIVO",RMIC8AU001,"MONTORIOROMANO""PADRE G.GIORGI""","VIA P.A.FIORAVANTI, 1",00010,033,077462228,"MONTORIOROMANO","MONTORIOROMANO",,FRANCUCCI MARIANGELA
Lazio,Roma,"ISTITUTOCOMPRENSIVO",RMIC8DV00D,"GIULIANOMONTELUCCI","VIA ROSATA,59",00012,033,0774302162,"GUIDONIAMONTECELIO","GUIDONIAMONTECELIO",,FRAPPETTA GIUSEPPINA
Lazio,Roma,"ISTITUTOCOMPRENSIVO",RMIC8EU008,I.C. VIA ANAGNI,"VIA ANAGNI,48",00171,014,0621803084,ROMA,ROMA,,FRASCA MAURA
Lazio,Roma,"ISTITUTOCOMPRENSIVO",RMIC8CD003,"VIA MATTEOTTI11","VIAG.MATTEOTTI,11",00033,036,069580694,CAVE,CAVE(RM),,"FRASCATANI MARIAVITTORIA"
Lazio,Roma,"ISTITUTOSUPERIORE",RMIS11100B,"VIA C. EMERY, 97","VIA C. EMERY,97",00188,028,0612112442,ROMA,-,,FRETTONI MARINA
Lazio,Roma,"ISTITUTOCOMPRENSIVO",RMIC8BN00L,"ANTONIOROSMINI","VIA GIORGIODEL VECCHIO24",00166,026,0666415047,ROMA,ROMA,,FUSACCHIA GIUSEPPE
Lazio,Roma,"ISTITUTOCOMPRENSIVO",RMIC8CF00P,"MADRE TERESADI CALCUTTA","CORSOGARIBALDI, 38",00038,038,069591318,"VALMONTONE","VALMONTONE",,"FUSILLO MARIAANTONIETTA"
Lazio,Roma,"ISTITUTOCOMPRENSIVO",RMIC8EL00C,IC VIA TEDESCHI,"VIA  ACHILLETEDESCHI, 85",00157,013,064504349,ROMA,ROMA,,GABRIELLI CLAUDIA
Lazio,Roma,"ISTITUTOSUPERIORE",RMIS071006,"IS VIACOPERNICOPOMEZIA","VIACOPERNICO N.3",00040,041,06121127550,POMEZIA,POMEZIA,,GADALETA ANGELA
Lazio,Roma,"ISTITUTOCOMPRENSIVO",RMIC8GV009,"I.C. VIAS.C.DONATI","VIAS.C.DONATI,110",00167,027,063012306,ROMA,ROMA,,"MARTUCCI BRUNELLAReggente (GAETA ANTONIOTitolare)"
Lazio,Roma,"ISTITUTOCOMPRENSIVO",RMIC813002,"V.LE MARIAMONTESSORI","V.LEADRIATICO140",00141,012,0687188349,ROMA,ROMA,,GALLO ANGELA
Lazio,Roma,"LICEOSCIENTIFICO",RMPS280004,RIGHI,"VIACAMPANIA, 63",00187,009,06121126420,ROMA,ROMA,,GALLONI MONICA
Lazio,Roma,"ISTITUTOMAGISTRALE",RMPM160003,"VITTORIOGASSMAN","VIA PIETROMAFFI, 57",00168,027,06121128105,ROMA,ROMA,,GALLONI MONICA
Lazio,Roma,"ISTITUTOCOMPRENSIVO",RMIC8AG009,"I. C. KAROLWOJTYLA","VIA CONCESIO2",00188,028,0633610055,ROMA,ROMA,,GARRITANO LOREDANA
Lazio,Roma,"ISTITUTOSUPERIORE",RMIS09100B,"I.I.S. ""VIA DEIPAPARESCHI""","VIA DEIPAPARESCHI,30/A",00146,023,0655308913,ROMA,ROMA,,GASPERINI PAOLA
Lazio,Roma,LICEO CLASSICO,RMPC41000C,"CHRIS CAPPELLCOLLEGE","VIALEANTIUM, 5",00042,043,06121126745,ANZIO,-,,GASPODINI DANIELA
Lazio,Roma,"IST PROF PER ISERVIZICOMMERCIALI ETURISTICI",RMRC32000T,"COLONNA-GATTI- ANZIO","VIA FILIBEK,2",00042,043,0612112848,ANZIO,-,,GASPODINI DANIELA
Lazio,Roma,"ISTITUTOCOMPRENSIVO",RMIC8FP00A,"ALESSANDROMAGNO","VIASTESICORO,115",00125,021,0652360537,ROMA,AXA,,GATTI SILVANA
Lazio,Roma,"ISTITUTOCOMPRENSIVO",RMIC8FH006,IC VIA FRIGNANI,"VIA FRIGNANI,97",00128,020,065081714,ROMA,SPINACETO,,GATTI SILVANA
Lazio,Roma,"IST TECCOMMERCIALE EPER GEOMETRI",RMTD65000G,"I.T.C.G. ""CARLOMATTEUCCI""","VIA        DELLEVIGNE NUOVE262",00139,012,06121123705,ROMA,-,,GEMELLI MARIA
Lazio,Roma,"ISTITUTOCOMPRENSIVO",RMIC8E900B,"IC VIA MOTTACAMASTRA","VIA MOTTACAMASTRA,155",00132,016,0620762812,ROMA,ROMA,,GENTILI CLAUDIA
Lazio,Roma,"ISTITUTOCOMPRENSIVO",RMIC8E100R,VIA ARETUSA,"VIAARETUSA,5",00155,015,062292314,ROMA,ROMA,,GENTILINI DONATELLA
Lazio,Roma,"ISTITUTOCOMPRENSIVO",RMIC8E300C,LARGO COCCONI,"LARGOCOCCONI 10",00171,015,062593491,ROMA,ROMA,,GIACOMINI WANDA
Lazio,Roma,"ISTITUTOCOMPRENSIVO",RMIC8GG001,"IC PARCO DEGLIACQUEDOTTI","VIA LEMONIA226",00174,018,0671545500,ROMA,ROMA,,GIACOMOBONO CINZIA
Lazio,Roma,"ISTITUTO TECNICOINDUSTRIALE",RMTF180009,ENRICO FERMI,"VIA CESAREMINARDI 14",00044,037,06121127570,FRASCATI,FRASCATI,,GIAMMARINI CARMINE
Lazio,Roma,"ISTITUTOCOMPRENSIVO",RMIC8BP00C,OVIDIO,"VIA        G.BITOSSI          5",00136,027,0635347454,ROMA,ROMA,,GIORDANO PATRIZIA
Lazio,Roma,"IST TECCOMMERCIALE EPER GEOMETRI",RMTD07000G,ENRICO FERMI,"VIAACQUAREGNA112",00019,034,06121126985,TIVOLI,-,,GIOVANNELLI LAURA MARIA
Lazio,Roma,"ISTITUTOCOMPRENSIVO",RMIC8BF004,"I.C.C.B. CONTE DICAVOUR","VIA PIO LATORRE, SNC",00024,034,0774447021,"CASTELMADAMA","CASTELMADAMA",,GIOVANNELLI LAURA MARIA
Lazio,Roma,"ISTITUTOCOMPRENSIVO",RMIC86500P,"NANDOMARTELLINI",VIA VANNI 5,00166,024,0666180851,ROMA,ROMA,,GIOVANNINI ELISABETTA
Lazio,Roma,"ISTITUTOCOMPRENSIVO",RMIC8DQ001,"IC "" G. MAMELI""","VIALE DELLAVITTORIA 2",00036,036,069538171,PALESTRINA,"PALESTRINA",,GIUFFRE' MARIA
Lazio,Roma,"ISTITUTOCOMPRENSIVO",RMIC8A500N,"ISTITUTOCOMPRENSIVOCASTELGANDOLFO","VIA UGO LAMALFA 3",00040,042,069361285,"CASTELGANDOLFO","CASTELGANDOLFO",,GIUSEPPONE ANNA RITA
Lazio,Roma,"ISTITUTO TECNICOINDUSTRIALE",RMTF090003,G. GALILEI,"VIA      CONTEVERDE,51",00185,009,000677071943,ROMA,-,,GIUSTINI ELISABETTA
Lazio,Roma,"ISTITUTOSUPERIORE",RMIS03300B,CARLO URBANI,"VIADELL'IDROSCALO, 88",00121,021,06121126360,ROMA,"ROMA-LIDO",,GIUSTINI ELISABETTA
Lazio,Roma,"ISTITUTOCOMPRENSIVO",RMIC88100L,"I.C. ""GUIDOPITOCCO""","VIA UMBERTOI, N. 20",00060,031,069079272,"CASTELNUOVO DI PORTO","CASTELNUOVO DIPORTO",,GIUSTIZIERI RAFFAELLA
Lazio,Roma,"ISTITUTOCOMPRENSIVO",RMIC8EC00C,"I.C. PIAZZAWINCKELMANN","PIAZZAWINCKELMANN, 20",00162,011,0686219146,ROMA,ROMA,,GRANDONICO NICOLETTA
Lazio,Roma,"LICEOSCIENTIFICO",RMPS37000A,E. MAJORANA,"VIA        C.AVOLIO, 111",00128,020,0612112742,ROMA,"ROMA-SPINACETO",,GRASSI FAUSTA
Lazio,Roma,"ISTITUTOCOMPRENSIVO",RMIC8FV00P,I.C. VIA FABIOLA,"VIA FABIOLA15",00152,024,0658202664,ROMA,-,,GRECO FANNY
Lazio,Roma,"ISTITUTOCOMPRENSIVO",RMIC8BZ00C,"LEONARDOVINCI","VIALE  DELLAGRANDEMURAGLIA 37",00144,020,0652209322,ROMA,E.U.R.,,GROSSI MARIA FEDERICA
Lazio,Roma,"ISTITUTOCOMPRENSIVO",RMIC8EK00L,"ANNAFRAENTZEL CELLI","VIA  F.FIORENTINI,48",00159,013,0643530647,ROMA,ROMA,,GROSSO STEFANIA
Lazio,Roma,"ISTITUTOSUPERIORE",RMIS03900A,"IS LEONBATTISTAALBERTI","VIALE CIVILTA'DEL LAVORO, 4",00144,020,06121125405,ROMA,ROMA EUR,,"SENESI PAOLA Reggentefino al 11/7/2017 (GUARDIANICAROLINA Titolare)"
Lazio,Roma,"ISTITUTOMAGISTRALE",RMPM040001,CAETANI,"VIALEMAZZINI 36",00195,025,063242836,ROMA,-,,GUARINO COSIMO
Lazio,Roma,"ISTITUTOCOMPRENSIVO",RMIC897006,"DON LORENZOMILANI","VIA MARCOAURELIO N? 2",00012,033,0774342764,"GUIDONIAMONTECELIO",GUIDONIA,,GUARNUTO GIUSEPPINA
Lazio,Roma,"ISTITUTOCOMPRENSIVO",RMIC8AF00D,IC DE FILIPPO,"VIAMONTEBIANCO, 29",00012,033,0774571855,"GUIDONIAMONTECELIO","LOC.COLLEVERDE",,GUARNUTO GIUSEPPINA
Lazio,Roma,"ISTITUTOSUPERIORE",RMIS03200G,"I.I.S. VIA SALVINI,24","VIA SALVINI,24",00197,010,06121124805,ROMA,ROMA,,GUELI ROBERTO
Lazio,Roma,"IST PROF PER ISERVIZICOMMERCIALI ETURISTICI",RMIS118006,IIS L.EINAUDI,"VIAS.MARIA ALLEFORNACI 1",00165,026,066374515,ROMA,ROMA,,GUERANI DIANA
Lazio,Roma,"LICEOSCIENTIFICO",RMPS46000L,"GULLACETALOTTA","PIAZZACAVALIERI DELLAVORO 18",00173,018,0612112265,ROMA,-,,GUERRA STEFANO
Lazio,Roma,"ISTITUTOCOMPRENSIVO",RMIC818005,"ENNIO QUIRINOVISCONTI","VIA DELLAPALOMBELLA4",00186,009,066833114,ROMA,ROMA,,"GUGLIELMI ROSSANAPIERA"
Lazio,Roma,"ISTITUTOCOMPRENSIVO",RMIC8CU003,"VIA T.MOMMSEN, 20","VIA T.MOMMSENN. 20",00179,017,0678398074,ROMA,ROMA,,"GUGLIELMI ROSSANAPIERA"
Lazio,Roma,"ISTITUTOSUPERIORE",RMIS112007,"GUGLIELMOMARCONI","VIA        CIROCORRADETTI",00053,029,06121124375,"CIVITAVECCHIA","CIVITAVECCHIA",,GUZZONE NICOLA
Lazio,Roma,"ISTITUTOSUPERIORE",RMIS093003,"MARGHERITAHACK","LARGOGIOVANNIPAOLO II, 1",00067,031,06121125685,MORLUPO,MORLUPO,,IACOBONE GAETANA
Lazio,Roma,"ISTITUTOCOMPRENSIVO",RMIC87900L,"ISTITUTOCOMPRENSIVO""PADRE PIO""","L.GO ILARIAALPI, 2",00060,031,0669316447,SACROFANO,"SACROFANO",,IACOBONE GAETANA
Lazio,Roma,"ISTITUTOSUPERIORE",RMIS07300T,"CHARLESDARWIN","VIATUSCOLANA388",00181,017,06121122165,ROMA,ROMA,,IANNACE VINCENZO
Lazio,Roma,"ISTITUTOCOMPRENSIVO",RMIC8DM00N,"IC PORTOROMANO","VIA G.BIGNAMI, 26",00054,022,066522406,FIUMICINO,FIUMICINO,,IANNARELLI LORELLA
Lazio,Roma,"ISTITUTOCOMPRENSIVO",RMIC8DJ006,IC MACCARESE,"VIALE CASTELS. GIORGIO,205",00054,022,0665210700,FIUMICINO,"MACCARESE",,IANNARELLI LORELLA
Lazio,Roma,"ISTITUTOCOMPRENSIVO",RMIC8FT003,"I.C. LARGOORIANI","LARGO A.ORIANI, 1",00152,024,065810022,ROMA,ROMA,,IMPERA CARMELINA
Lazio,Roma,"ISTITUTOCOMPRENSIVO",RMIC8F000G,I.C. VIA CRIVELLI,"VIA CRIVELLI24",00151,024,065826153,ROMA,ROMA,,IMPERA CARMELINA
Lazio,Roma,LICEO CLASSICO,RMPC31000G,"LC IMMANUELKANT","PIAZZAZAMBECCARI19",00177,014,06121122525,ROMA,ROMA,,INFANTINO GIOVANNI
Lazio,Roma,"ISTITUTOSUPERIORE",RMIS07900R,"EUROPA -VIRGINIA WOOLF","ROMOLOTRINCHIERI, 49",00172,014,062155451,ROMA,ROMA,,INFANTINO GIOVANNI
Lazio,Roma,"LICEOSCIENTIFICO",RMPS10000A,"FRANCESCOD'ASSISI","VIALE      DELLAPRIMAVERA207",00172,015,06121122745,ROMA,-,,INGROSSO LUIGI MARIA
Lazio,Roma,"ISTITUTO TECNICOINDUSTRIALE",RMTF260001,HERTZ,"VIAWALTERPROCACCINI,70",00173,018,067213158,ROMA,"ROMA-OSTERIADELCURATO",,INGROSSO LUIGI MARIA
Lazio,Roma,"ISTITUTOCOMPRENSIVO",RMIC8F600E,"TIVOLI  I - TIVOLICENTRO","VIA DELCOLLEGIO 2",00019,034,0774314549,TIVOLI,TIVOLI,,IPPOLITI MARINA
Lazio,Roma,"ISTITUTOCOMPRENSIVO",RMIC8F9002,"I.C. VELLETRICENTRO","VIALEOBERDAN, 1",00049,039,069625522,VELLETRI,VELLETRI,,ISOPI ANTONELLA
Lazio,Roma,"ISTITUTOCOMPRENSIVO",RMIC8A3002,"IC  VITOVOLTERRA","VIA STRADANUOVA S.N.C.",00040,042,069331788,ARICCIA,ARICCIA,,IUSI ITALIA
Lazio,Roma,"ISTITUTOCOMPRENSIVO",RMIC8FZ002,"I.C. PIAZZAFORLANINI","P.ZZA C.FORLANINI",00151,024,0694377645,ROMA,ROMA,,IZZO DEBORA
Lazio,Roma,"ISTITUTOSUPERIORE",RMIS05900G,"I.S.I.S. G. DIVITTORIO","VIA YVON DEBEGNAC, 6",00055,030,0699221843,LADISPOLI,LADISPOLI,,LA ROSA VINCENZA
Lazio,Roma,"ISTITUTOCOMPRENSIVO",RMIC8CJ00G,ILARIA ALPI,"VIA VARSAVIA5",00055,030,0699220826,LADISPOLI,LADISPOLI,,LA ROSA VINCENZA
Lazio,Roma,"ISTITUTOCOMPRENSIVO",RMIC8BH00Q,"LANUVIO""MARIANNADIONIGI""","VIA SANTAMARIA DELLAPACE, 55",00040,042,069376188,LANUVIO,LANUVIO,,LAMANNA LAURA
Lazio,Roma,"ISTITUTOCOMPRENSIVO",RMIC8C500V,I.C. ANZIO I,"VIAAMBROSINI, 6",00040,043,069846397,ANZIO,ANZIO,,LAMANNA LAURA
Lazio,Roma,"ISTITUTOCOMPRENSIVO",RMIC847005,"IC P.ZZABORGONCINIDUCA, 5","P.ZZABORGONCINIDUCA, 5ROMA",00165,026,066390421,ROMA,ROMA,,LAMBERTI ANNA MARIA
Lazio,Roma,"ISTITUTOSUPERIORE",RMIS11700A,"CATTANEOCARLO","LUNGOTEVERETESTACCIO 32",00153,009,0612112662,ROMA,ROMA,,"D'AMORE LINA MARIAROSARIA Reggente fino al30/1/2017 (LANCELLOTTIMARIA GRAZIA Titolare)"
Lazio,Roma,"ISTITUTOCOMPRENSIVO",RMIC8G7001,"I.C. SANTAPROCULA","VIAARDEATINAKM. 20,00",00040,041,069145067,POMEZIA,"SANTAPALOMBA",,"LAUDANI GAETANOCARMELO"
Lazio,Roma,"ISTITUTOCOMPRENSIVO",RMIC82300L,"I.C. GIOVANBATTISTAVALENTE","VIALEGIOVANNIBATTISTAVALENTE, 100",00177,015,062596165,ROMA,ROMA,,"LAURICELLA NINOTTAROSAMARIA"
Lazio,Roma,"ISTITUTOCOMPRENSIVO",RMIC8ES00L,"MAHATMAGANDHI","VIACORINALDO 41",00156,013,064112298,ROMA,ROMA,,"LAURICELLA NINOTTAROSAMARIA"
Lazio,Roma,"ISTITUTOCOMPRENSIVO",RMIC8BM00R,MARIA CAPOZZI,"VIA ENNIOBONIFAZI, 64",00167,026,0666040749,ROMA,ROMA,,LIBERATORE DANIELE
Lazio,Roma,"ISTITUTOCOMPRENSIVO",RMIC8CP00E,IC CASTELVERDE,"VIA MASSASANGIULIANO, 131",00132,016,0622484098,ROMA,"CASTELVERDE",,LIETO ATTILIO
Lazio,Roma,"ISTITUTOCOMPRENSIVO",RMIC8CQ00A,"IC VILLAGGIOPRENESTINO","VIA      FOSSODELL'OSA507",00132,016,062261001,ROMA,ROMA,,LIETO ATTILIO
Lazio,Roma,"ISTITUTOCOMPRENSIVO",RMIC8F400V,"I.C. ""GOFFREDOPETRASSI""","VIA  DELLAMARATONA23",00135,028,063292909,ROMA,ROMA,,LOMBARDI ANNA
Lazio,Roma,"ISTITUTOCOMPRENSIVO",RMIC8G6005,"I.C. VIALE DEICONSOLI 16","VIA MARCODECUMIO, 25",00174,018,067615987,ROMA,ROMA,,LUONGO TERESA
Lazio,Roma,"ISTITUTOCOMPRENSIVO",RMIC8AE00N,"SAN CESAREO -VIA DEI CEDRI",VIA DEI CEDRI,00030,036,069587005,SAN CESAREO,"SANCESAREO",,LUPI CLAUDIA
Lazio,Roma,"ISTITUTOCOMPRENSIVO",RMIC8GW005,"IC CLAUDIOABBADO","VIA MONTEZEBIO, 35",00195,025,063725859,ROMA,ROMA,,MAIOLINI BRUNELLA
Lazio,Roma,"ISTITUTOSUPERIORE",RMIS10100R,"VIADELL'IMMACOLATA , 47","VIADELL'IMMACOLATA , 47",00053,029,06121124295,"CIVITAVECCHIA","CIVITAVECCHIA",,MANIGLIA GIUSEPPA
Lazio,Roma,"ISTITUTOCOMPRENSIVO",RMIC8GP001,"DON  LORENZOMILANI","VIAMONTANUCCI,138",00053,029,0766541044,"CIVITAVECCHIA","CIVITAVECCHIA",,MANIGLIA GIUSEPPA
Lazio,Roma,"CONVITTONAZIONALE",RMVC02000V,"CONVITTONAZ.""A.DISAVOIA,DUCAD'AOSTA""","PIAZZAGARIBALDI 1",00019,034,0774318707,TIVOLI,TIVOLI,,MANNA ANTONIO
Lazio,Roma,"ISTITUTOCOMPRENSIVO",RMIC8DT00T,"IC GIOVANNIXXIII","VIAGARIBALDI,SNC",00012,033,0774326176,"GUIDONIAMONTECELIO","LOC.VILLANOVA",,MANNA ANTONIO
Lazio,Roma,"ISTITUTOSUPERIORE",RMIS08900B,"CINE TV""ROBERTOROSSELLINI""","VIA DELLAVASCANAVALE,58",00146,019,065582741,ROMA,ROMA,,MARANO MARIA TERESA
Lazio,Roma,"ISTITUTOCOMPRENSIVO",RMIC8GA002,"IC VIA P.STABILINI","VIA P.STABILINI 19",00173,018,0672970371,ROMA,ROMA,,MARANO PATRIZIA
Lazio,Roma,"ISTITUTOCOMPRENSIVO",RMIC877001,"ISTITUTOCOMPRENSIVO""O.ROVERE""","VIA SANROCCO, 66",00068,031,0761597012,"RIGNANOFLAMINIO","RIGNANOFLAMINIO",,MARCHIZZA MARISA
Lazio,Roma,"ISTITUTOCOMPRENSIVO",RMIC86600E,"CAMPAGNANOVIA B. LESEN,2","VIA B. LESEN, 2",00063,031,069041122,"CAMPAGNANO DI ROMA","CAMPAGNANO DIROMA",,MARCHIZZA MARISA
Lazio,Roma,"ISTITUTOCOMPRENSIVO",RMIC8GT00N,"I.C. VIATRIONFALE","VIATRIONFALE,7333",00135,027,063054188,ROMA,ROMA,,MARCIANO ANNUNZIATA
Lazio,Roma,"ISTITUTOSUPERIORE",RMIS10900B,"EINSTEIN -BACHELET","VIA PASQUALEII, 237",00168,026,06121124395,ROMA,ROMA,,"MARCIANO ANNUNZIATAReggente (BERARDIMARIANO Titolare)"
Lazio,Roma,LICEO CLASSICO,RMPC26000Q,UGO FOSCOLO,"VIA S.FRANCESCOD'ASSISI 34",00041,042,06121128285,"ALBANOLAZIALE",-,,MARIANI LUCIO
Lazio,Roma,"ISTITUTO TECNICOAGRARIO",RMTA06000E,EMILIO SERENI,"VIAPRENESTINAKM.14,00",00132,016,0622427027,ROMA,ROMA,,MARINI PATRIZIA
Lazio,Roma,"ISTITUTOCOMPRENSIVO",RMIC8FC003,IC VIA MEROPE,"VIA MEROPE24",00133,016,062011102,ROMA,"TORREANGELA",,MARINI PATRIZIA
Lazio,Roma,"DIREZIONEDIDATTICA",RMEE22100R,"DIR. DID.STAT.""CIAMPINOII""","VIA BOLOGNASNC",00043,040,0679350614,CIAMPINO,CIAMPINO,,MARRONE DOLORES
Lazio,Roma,"ISTITUTOCOMPRENSIVO",RMIC8EH00G,IC VIA SAVINIO,"VIA SAVINIO,43",00141,012,0682000065,ROMA,ROMA,,MARRUCCI ANGELA MARIA
Lazio,Roma,"LICEOSCIENTIFICO",RMPS27000D,PLINIO SENIORE,"VIAMONTEBELLO122",00185,009,06121123905,ROMA,ROMA,,"MARTELLETTI MARIATERESA"
Lazio,Roma,"ISTITUTO TECNICOINDUSTRIALE",RMTF350007,ITI M. FARADAY,"VIA        CAPOSPERONE 52",00122,021,06121123625,ROMA,"ROMA-LIDO",,MARTELLI REJANA
Lazio,Roma,"ISTITUTOCOMPRENSIVO",RMIC84000A,"VIA DELLEAZZORRE, 314","VIA DELLEAZZORRE  314ROMA",00121,021,0656339756,ROMA,LOC. OSTIA,,MARTELLI REJANA
Lazio,Roma,"ISTITUTOCOMPRENSIVO",RMIC855004,MARCO POLO,"VIA PATERNO'22",00133,016,0620760256,ROMA,ROMA,,MARTIN ANNA
Lazio,Roma,"ISTITUTOCOMPRENSIVO",RMIC8GR00L,"IC PABLONERUDA","VIA CASAL DELMARMON.212",00135,027,0630819741,ROMA,ROMA,,MARTUCCI BRUNELLA
Lazio,Roma,"ISTITUTOCOMPRENSIVO",RMIC8CX00E,"VIA LAURENTINA710","VIALAURENTINA710",00143,020,065014972,ROMA,ROMA,,MARZIALI DANIELA
Lazio,Roma,"DIREZIONEDIDATTICA",RMEE220001,"CIAMPINO I - V.BACHELET","VIA DUEGIUGNO, 16",00043,040,067910323,CIAMPINO,CIAMPINO,,MASCIO ANDREINA
Lazio,Roma,"ISTITUTOSUPERIORE",RMIS10700Q,"DE PINEDO -COLONNA","VIAFRANCESCOMORANDINI30",00142,019,065034143,ROMA,ROMA,,MASSA PAOLO
Lazio,Roma,"LICEOSCIENTIFICO",RMPS50000T,ARISTOTELE,"VIA DEISOMMOZZATORI 50",00143,020,06121123600,ROMA,-,,MASSA PAOLO
Lazio,Roma,LICEO CLASSICO,RMPC320006,"EUGENIOMONTALE","VIABRAVETTA 545",00164,024,121123660,ROMA,ROMA,,MASSACESI RAFFAELLA
Lazio,Roma,LICEO CLASSICO,RMPC40000T,"GAIO VALERIOCATULLO","VIA FRATELLIBANDIERA, 23",00015,032,06121124105,"MONTEROTONDO","TEL.06121124105 -106",,"MASSIMETTI MARIATERESA"
Lazio,Roma,"ISTITUTOCOMPRENSIVO",RMIC8B900G,IC  E. GALICE,"VIA TOSCANA,2",00053,029,076631482,"CIVITAVECCHIA","CIVITAVECCHIA",,MATARAZZO LUCIA
Lazio,Roma,"ISTITUTOSUPERIORE",RMIS072002,"LEONARDO DAVINCI","VIA DIMACCARESE,38/40",00057,022,066679348,FIUMICINO,"FIUMICINO/MACCARESE",,"MAUCIONI MARIAANTONIETTA"
Lazio,Roma,CPIA,"RMMM672004",CPIA 3,"CORSOVITTORIOEMANUELE II,217",,009,,ROMA,-,CPIA,MAURIZIO ADALGISA
Lazio,Roma,"ISTITUTOCOMPRENSIVO",RMIC8C4003,I.C. ANZIO IV,"VIAARDEATINA81",00042,043,069874703,ANZIO,ANZIO,,MAZZA FERDINANDO
Lazio,Roma,"ISTITUTOCOMPRENSIVO",RMIC8BV005,PARCO DI VEIO,"VIA FOSSOFONTANILETTO 29/B",00189,028,0633267547,ROMA,"ROMA -GROTTAROSSA",,"MESSINA MARIACONCETTA"
Lazio,Roma,ISTITUTO D'ARTE,RMSD10000R,"LICEO ARTISTICOG.C. ARGAN","PIAZZA DEIDECEMVIRI, 12",00175,018,06121122470,ROMA,ROMA,,MESSINESE ANNA
Lazio,Roma,"ISTITUTOCOMPRENSIVO",RMIC8EY00G,VIA LUCA GHINI,"VIA LUCAGHINI, 58",00172,015,0623296412,ROMA,ROMA,,MESSINESE ANNA
Lazio,Roma,"ISTITUTOCOMPRENSIVO",RMIC8DR00R,"IC "" GIOVANNIPIERLUIGI ""","VIA DI VALLEZAMPEA,2",00036,036,069538115,PALESTRINA,"PALESTRINA",,MEZZANZANI SILVIA
Lazio,Roma,"ISTITUTOCOMPRENSIVO",RMIC8EV004,"I.C. VIA DALVERME","VIA     L. DALVERME     109",00176,014,0621701558,ROMA,ROMA,,MICARELLI RITA
Lazio,Roma,"ISTITUTOCOMPRENSIVO",RMIC8DB002,"ISTITUTOCOMPRENSIVOARTENA","VIA G. DIVITTORIO 1",00031,038,0695191091,ARTENA,ARTENA,,MICHELANGELI DANIELA
Lazio,Roma,"ISTITUTOCOMPRENSIVO",RMIC8AP00T,"D. CAMBELLOTTISEDE CENTRALE","VIA DELLAPINETA  2",00040,037,0694074012,"ROCCAPRIORA","ROCCAPRIORA",,MICOCCI LAURA
Lazio,Roma,"ISTITUTOCOMPRENSIVO",RMIC8AK00E,"IC PALOMBARASABINA V.LERISORG","V.LERISORGIMENTO 26",00018,033,0774659784,"PALOMBARASABINA","PALOMBARA SABINA",,MICOLONGHI MARA
Lazio,Roma,"ISTITUTOCOMPRENSIVO",RMIC8AX006,"ANTONIOGRAMSCI","VIA PESCARAS.N.C.",00040,042,069315989,"ALBANOLAZIALE","LOC.PAVONA",,"MIGNOGNA ASSUNTAFILOMENA"
Lazio,Roma,"ISTITUTOCOMPRENSIVO",RMIC8A8005,ORAZIO,"VIA    FRATELLIBANDIERA , 29",00040,041,069110163,POMEZIA,POMEZIA,,"MIGNOGNA ASSUNTAFILOMENA"
Lazio,Roma,"ISTITUTOCOMPRENSIVO",RMIC80700P,URUGUAY,"VIA DISETTEBAGNI,281",00138,012,0687133880,ROMA,ROMA,,MINERVA ANGELA
Lazio,Roma,"ISTITUTOSUPERIORE",RMIS022001,"J.VONNEUMANN","VIA POLLENZA,115",00156,013,06121123265,ROMA,-,,"REA MARIA TEREAReggente (MINNITI ANNAPATRIZIA titolare inaspettativa fino al 4/11/2016)"
Lazio,Roma,"ISTITUTOCOMPRENSIVO",RMIC8A9001,"ENRICOPESTALOZZI","VIA GRANBRETAGNA N.35",00040,041,069157183,POMEZIA,"TORVAIANICA",,MIOTTO ANNA RITA
Lazio,Roma,"ISTITUTOCOMPRENSIVO",RMIC8GZ00L,ENEA,"VIADANIMARCA,163",00040,041,069158804,POMEZIA,"TORVAJANICA",,MIOTTO ANNA RITA
Lazio,Roma,"ISTITUTOCOMPRENSIVO",RMIC80800E,"I.C. REGINAMARGHERITA","VIAMADONNADELL'ORTO 2",00100,009,065809250,ROMA,ROMA,,MIRARCHI PASQUALINA
Lazio,Roma,"ISTITUTOCOMPRENSIVO",RMIC8AL00A,"ISTITUTOCOMPRENSIVO -VICOVARO","VIA G.MAZZINI,  1",00029,035,0774498010,VICOVARO,VICOVARO,,MISSIMEI GIACOMA
Lazio,Roma,"ISTITUTOCOMPRENSIVO",RMIC8BC00L,"ISTITUTOCOMPRENSIVO -ARSOLI","VIA DONMINZONI, 1",00023,035,0774920023,ARSOLI,ARSOLI,,MISSIMEI GIACOMA
Lazio,Roma,"ISTITUTOCOMPRENSIVO",RMIC8FJ00B,IC FIUME GIALLO,"VIA FIUMEGIALLO, 45",00144,020,0652209931,ROMA,ROMA,,MODESTINI FRANCO
Lazio,Roma,"ISTITUTOCOMPRENSIVO",RMIC8CR006,"IC NUOVOPONTE DI NONA","VIA LUIGIGASTINELLI 58",00132,016,0622180417,ROMA,ROMA,,MONACO DANIELA
Lazio,Roma,"LICEOSCIENTIFICO",RMPS110001,"LICEOSCIENTIFICO G.PEANO","VIA DELLAFONTE 9",00015,032,,"MONTEROTONDO",-,,MONCADO ROBERTA
Lazio,Roma,"ISTITUTOCOMPRENSIVO",RMIC88700G,"LOREDANACAMPANARI","VIA MONTEPOLLINO, 45",00015,032,0690085460,"MONTEROTONDO","MONTEROTONDO",,MONCADO ROBERTA
Lazio,Roma,"ISTITUTOCOMPRENSIVO",RMIC8GN009,"IC VIABARBARANELLI","VIABARBARANELLI,3-3A",00053,029,0766546963,"CIVITAVECCHIA","CIVITAVECCHIA",,MONDELLI ROBERTO
Lazio,Roma,"ISTITUTOCOMPRENSIVO",RMIC883008,DON MILANI,"VIA CASTELCAMPANILEKM 11,800",00052,030,0699205013,CERVETERI,"FRAZ. ITERZI",,MONDELLI ROBERTO
Lazio,Roma,"ISTITUTOCOMPRENSIVO",RMIC826004,MILANESI GUIDO,"VIA TROPEA,26",00178,018,067188068,ROMA,ROMA,,MONTUORI MARIA
Lazio,Roma,LICEO CLASSICO,RMPC220009,TACITO,"VIAGIORDANOBRUNO 4",00195,025,06121123858,ROMA,-,,MORI GIULIANA
Lazio,Roma,"ISTITUTOSUPERIORE",RMIS06200B,DE SANCTIS,"VIA        CASSIA931",00189,028,0630360402,ROMA,-,,MORISANI MARIA LAURA
Lazio,Roma,"ISTITUTO TECNICOCOMMERCIALE",RMTD48000N,EMANUELA LOI,"VIAEMANUELALOI, 6",00048,043,06121126540,NETTUNO,-,,MOSCA ANTONELLA
Lazio,Roma,"ISTITUTOCOMPRENSIVO",RMIC8GM00D,"IC VIACASALOTTI, 259","VIACASALOTTI,259",00166,026,0661560257,ROMA,ROMA,,MOZZETTI MARIA AUGUSTA
Lazio,Roma,"ISTITUTO TECNICOINDUSTRIALE",RMTF040002,E. FERMI,"VIATRIONFALE8737",00135,027,0630600237,ROMA,ROMA,,NANETTI MONICA
Lazio,Roma,LICEO CLASSICO,RMPC180004,SOCRATE,"V.         PADREREGINALDOGIULIANI 15",00154,019,0612112546,ROMA,ROMA,,NARI MILENA
Lazio,Roma,"ISTITUTOCOMPRENSIVO",RMIC8BT00Q,"GROTTAFERRATA-""G. FALCONE""","VIAGARIBALDI,19",00046,037,069454101,"GROTTAFERRATA","GROTTAFERRATA",,NATALI FRANCESCA
Lazio,Roma,"ISTITUTOSUPERIORE",RMIS02800X,"RENATOCARTESIO","VIA SANMARTINOANNUNZIATA21",00035,035,06121126140,"OLEVANOROMANO","OLEVANOROMANO",,NICODEMO SALVATORE
Lazio,Roma,"ISTITUTOCOMPRENSIVO",RMIC8BX00R,"IC M.CALDERINI-G.TUCCIMEI","VIACOSTANTINOBESCHI 12",00125,021,0652350169,ROMA,ACILIA,,"OCCIPITE DI PRISCOELEONORA"
Lazio,Roma,"ISTITUTOCOMPRENSIVO",RMIC83200B,"MARIA GRAZIACUTULI","VIAMELIZZANO 94",00132,016,0622424045,ROMA,"COLLEPRENESTINO",,OREFICE EMILIA
Lazio,Roma,"LICEOSCIENTIFICO",RMPS44000B,NOMENTANO,"VIA DELLABUFALOTTA,229",00139,012,06121122012,ROMA,-,,ORSINI GIULIA
Lazio,Roma,"ISTITUTOSUPERIORE",RMIS084008,FEDERICO CAFFE',"VIALE DI VILLAPAMPHILI N.86",00152,024,065897698,ROMA,ROMA,,PACETTI MARINA
Lazio,Roma,"ISTITUTOSUPERIORE",RMIS06100G,"VIA DOMIZIALUCILLA","SEDE LEGALEV.CESARELOMBROSO,118",00168,027,0635506798,ROMA,-,,PALADINO IDA
Lazio,Roma,"ISTITUTOCOMPRENSIVO",RMIC8FM00V,"IC VIA MARROSSO","VIA MARROSSO, 68",00122,021,065681124,ROMA,"LOC.OSTIA LIDO",,PALAZZO GIUSEPPINA
Lazio,Roma,"LICEOSCIENTIFICO",RMPS090001,"FEDERIGOENRIQUES","VIA FEDERICOPAOLINI 196",00122,021,06121126340,ROMA,"LIDO DIOSTIA -ROMA",,PALCICH ANTONIO
Lazio,Roma,"ISTITUTOCOMPRENSIVO",RMIC8DK002,"I.C.TORRIMPIETRA","VIA DIGRANARETTOSNC",00054,022,0661697924,FIUMICINO,"TORRIMPIETRA",,PALCICH ANTONIO
Lazio,Roma,"LICEOSCIENTIFICO",RMPS29000P,VITO VOLTERRA,"VIADELL'ACQUAACETOSA 8/A",00043,040,06121126380,CIAMPINO,CIAMPINO,,PALMERI EZIA
Lazio,Roma,"DIREZIONEDIDATTICA",RMEE30700B,CD NETTUNO,"VIA CAVOUR61",00048,043,069881370,NETTUNO,NETTUNO,,PALUMBO MARINA
Lazio,Roma,"ISTITUTOCOMPRENSIVO",RMIC868006,CAPENA,"VIA DELMATTATOION. 39",00060,031,069032287,CAPENA,PORTONE,,PANZINI DONATA MARIA
Lazio,Roma,"ISTITUTOSUPERIORE",RMIS104008,VIA TIBURTO 44,"VIATIBURTO 44",00019,034,06121126865,TIVOLI,-,,PARDI RINALDO
Lazio,Roma,"ISTITUTOCOMPRENSIVO",RMIC8AJ001,"ISTITUTOCOMPRENSIVOCERRETO","VIADELL'IMMAGINETTA, 2",00020,035,0774798094,"CERRETOLAZIALE","CERRETOLAZIALE",,PARDI RINALDO
Lazio,Roma,"LICEOSCIENTIFICO",RMPS39000G,G.VAILATI,"VIAA.GRANDI 146",00045,042,061211125147,"GENZANO DIROMA",-,,PARISI MARIA SOCCORSA
Lazio,Roma,"ISTITUTOSUPERIORE",RMIS05300L,SANDRO PERTINI,"VIA NAPOLI, 3",00045,042,06121125600,"GENZANO DIROMA","GENZANODI ROMA",,PARISI MARIA SOCCORSA
Lazio,Roma,"IST PROF PER ISERVIZIALBERGHIERI ERISTORAZIONE",RMRH07000D,"VINCENZOGIOBERTI","VIA DEIGENOVESI30/C",00153,009,06121128025,ROMA,ROMA,,PAROLARI CARLA
Lazio,Roma,"ISTITUTOCOMPRENSIVO",RMIC8C600P,IC ANZIO V,"VIAGOLDONI 12",00042,043,069870916,ANZIO,ANZIO,,PAROLARI CARLA
Lazio,Roma,"ISTITUTOCOMPRENSIVO",RMIC8B400C,BRUNO MUNARI,"VIA C.PERAZZI, 46",00139,012,0687136922,ROMA,ROMA,,PASQUALINI EVA
Lazio,Roma,"ISTITUTOCOMPRENSIVO",RMIC8EW00X,"I.C. VIAFERRAIRONI","VIAF.FERRAIRONI,38",00172,014,0624300010,ROMA,ROMA,,PASQUALONI STEFANIA
Lazio,Roma,"ISTITUTOCOMPRENSIVO",RMIC863003,IC VIA BACCANO,"VIA BACCANO,38",00188,028,0633611605,ROMA,ROMA,,PECORARO CINZIA
Lazio,Roma,LICEO CLASSICO,RMPC250005,TASSO,"VIA        SICILIA168",00187,009,0696519907,ROMA,-,,PEDULLA' PAOLO
Lazio,Roma,"ISTITUTOSUPERIORE",RMIS03600V,"I.I.S.  J. PIAGET-V.NOBILIORE -DIAZ","VIALE MARCOFULVIONOBILIORE,79/A",00175,018,0671584954,ROMA,"DONBOSCO",,PELLEGRINI ALESSANDRO
Lazio,Roma,"ISTITUTOCOMPRENSIVO",RMIC8GH00R,"IC VIADELL'AEROPORTO","VIADELL'AEROPORTO,115",00175,018,0676901590,ROMA,ROMA,,PERA MARILENA
Lazio,Roma,"ISTITUTOCOMPRENSIVO",RMIC8CK00B,"IC ""VIA F.LAPARELLI 60""","VIA F.LAPARELLI 60",00176,014,0624419571,ROMA,ROMA,,PERA MARILENA
Lazio,Roma,"ISTITUTOCOMPRENSIVO",RMIC805003,ELSA MORANTE,"VIA A. VOLTA41",00153,009,065780147,ROMA,ROMA,,PERNICE PATRIZIA
Lazio,Roma,"ISTITUTOSUPERIORE",RMIS09700A,"CONFALONIERI-DE CHIRICO","VIA B.M. DEMATTIAS, 5",00183,017,0670493530,ROMA,-,,PETRUCCI NADIA
Lazio,Roma,"ISTITUTOSUPERIORE",RMIS10200L,"VIA        LENTINI78","VIALENTINI 78",00133,016,0612112622,ROMA,-,,PICCA ANGELA
Lazio,Roma,"ISTITUTOCOMPRENSIVO",RMIC8AD00T,"GENAZZANO G.GARIBALDI","VIA DELLASIGNORETTA",00030,036,069579055,GENAZZANO,"GENAZZANO",,PICONE IMMACOLATA
Lazio,Roma,"ISTITUTOCOMPRENSIVO",RMIC83700E,RAFFAELLO,"VIA GIUSEPPECAPOGRASSI,23",00173,018,0672633026,ROMA,"LOC.ROMANINA",,PINTI CHIARA
Lazio,Roma,"ISTITUTOSUPERIORE",RMIS092007,"VICOLO DELCASALLUMBROSO","VICOLO     DELCASALLUMBROSO129",00166,024,121127720,ROMA,ROMA,,PINTO ISABELLA
Lazio,Roma,"ISTITUTOCOMPRENSIVO",RMIC8EZ00B,VIA DEI SESAMI,"VIA DEISESAMI, 20",00172,015,062313012,ROMA,ROMA,,PINTUS MARCO
Lazio,Roma,"ISTITUTOCOMPRENSIVO",RMIC8EF00X,IC P.ZZA CAPRI,"PIAZZA CAPRI25",00141,012,0697605724,ROMA,ROMA,,PINTUS MARCO
Lazio,Roma,"ISTITUTOCOMPRENSIVO",RMIC8CM003,"IC ""VIAF.GENTILE, 40""","VIA F.GENTILE       40",00173,018,067210096,ROMA,ROMA,,PISTIGLIUCCI PATRIZIA
Lazio,Roma,"ISTITUTOCOMPRENSIVO",RMIC8BR004,"ISTITUTOCOMPRENSIVOLARIANO","VIA URBANOIV, 3",00040,039,0696498742,LARIANO,LARIANO,,PITONE ISABELLA
Lazio,Roma,"LICEOSCIENTIFICO",RMPS160002,INNOCENZO XII,"VIA PEGASO, 6",00042,043,06121125108,ANZIO,-,,PITTIGLIO DANIELA
Lazio,Roma,"ISTITUTOCOMPRENSIVO",RMIC8D300T,"COMPRENSIVONETTUNO IV","VIA VISCA,26/B",00048,043,069881670,NETTUNO,NETTUNO,,PITTIGLIO DANIELA
Lazio,Roma,"LICEOSCIENTIFICO",RMPS520003,PRIMO LEVI,"VIAF.MORANDINI64",00142,019,06121127020,ROMA,ROMA,,"POLICELLA LETIZIA EBEPAOLA"
Lazio,Roma,"ISTITUTOCOMPRENSIVO",RMIC8DP005,"IC CITTA'DEIBAMBINI","VIA SANGIORGIO, 25",00013,032,069090091,MENTANA,MENTANA,,POMILI MARIA VITTORIA
Lazio,Roma,"ISTITUTOCOMPRENSIVO",RMIC85700Q,ENZO BIAGI,"VIA ORREA, 23",00123,028,063037022,ROMA,"ZONACESANOSCALO",,PONSIGLIONE GIULIA
Lazio,Roma,"ISTITUTOCOMPRENSIVO",RMIC86700A,"STATALE""PUBLIO VIBIOMARIANO""","VIA VIBIOMARIANO, 105",00189,028,0633264721,ROMA,ROMA,,PONSIGLIONE GIULIA
Lazio,Roma,"ISTITUTOCOMPRENSIVO",RMIC8DN00D,"IC LIDO DELFARO","VIA G.FONTANA 13",00054,022,066522411,FIUMICINO,FIUMICINO,,PONZI ISABELLA
Lazio,Roma,"ISTITUTOCOMPRENSIVO",RMIC8DH001,"IC FREGENE -PASSOSCURO","VIA SERRENTI,70/72",00050,022,066670869,FIUMICINO,"PASSOSCURO",,PONZI ISABELLA
Lazio,Roma,"ISTITUTOCOMPRENSIVO",RMIC8GL00N,I.C. VIA SORISO,"VIA SORISO, 41",00166,026,066636948,ROMA,ROMA,,PORFIRI DANIELA
Lazio,Roma,"ISTITUTOCOMPRENSIVO",RMIC854008,"I.C. ""ARISTIDELEONORI""","VIA ACHILLEFUNI 41",00125,021,0652311607,ROMA,LOC. ACILIA,,PORRELLO LINA
Lazio,Roma,"ISTITUTOCOMPRENSIVO",RMIC82900G,"I.C. CARLOALBERTO DALLACHIESA","VIA MARIORIGAMONTI 10",00142,019,065036231,ROMA,ROMA,,PORRELLO LINA
Lazio,Roma,"ISTITUTOCOMPRENSIVO",RMIC86400V,"I. C. LARGOCASTELSEPRIO","LARGOCASTELSEPRIO9, ROMA",00188,028,0633613557,ROMA,ROMA,,PRESILLA LUCIA
Lazio,Roma,"ISTITUTOCOMPRENSIVO",RMIC8FD00V,"IC VIA P.SEMERIA","VIA P.SEMERIA, 28",00154,019,065123167,ROMA,ROMA,,PRESUTTI SERENELLA
Lazio,Roma,"ISTITUTOCOMPRENSIVO",RMIC83100G,"IC VIA DELLEALZAVOLE","VIA DELLEALZAVOLE , 21",00169,016,06264991,ROMA,ROMA,,PREVITI GIUDITTA
Lazio,Roma,"ISTITUTOCOMPRENSIVO",RMIC8A000E,"CIAMPINO ""L. DAVINCI""","VIALE J. F.KENNEDY, 139",00043,040,067912042,CIAMPINO,CIAMPINO,,"PRIOETTI ZACCARIAGIULIANA"
Lazio,Roma,"ISTITUTOCOMPRENSIVO",RMIC81500N,"ANGELICABALABANOFF","VIA A.BALABANOFF,62",00155,013,064070038,ROMA,ROMA,,PROIETTI ANNA
Lazio,Roma,"ISTITUTO TECNICOCOMMERCIALE",RMTD38000R,"LUCIOLOMBARDORADICE","PIAZZAETTORE VIOLA,6",00173,018,06121122835,ROMA,ROMA,,PROIETTI MARINA
Lazio,Roma,"ISTITUTOCOMPRENSIVO",RMIC82800Q,"PIETROM.CORRADINI","VIA DIS.MATTEO,104",00044,018,0672609098,ROMA,"VERMICINO",,"PROIETTI ZACCARIAGIULIANA"
Lazio,Roma,"IST PROFINDUSTRIA EARTIGIANATO",RMRI05000Q,DE AMICIS,"VIAGALVANI 6",00153,009,121126645,ROMA,-,,QUERCIA MASSIMO
Lazio,Roma,"ISTITUTOCOMPRENSIVO",RMIC86000G,"VIA CASSIA KM.18,7","L.GO CESAREVICOLODOVICI N. 9",00123,028,0630888160,ROMA,"LOC.OLGIATA",,QUERCIA MASSIMO
Lazio,Roma,"ISTITUTOCOMPRENSIVO",RMIC871002,"TOMMASOSILVESTRI","PIAZZAVITTORIOEMANUELE III",00069,030,0699916059,"TREVIGNANOROMANO","TREVIGNANOROMANO",,RAMELLA ANNA
Lazio,Roma,"ISTITUTOCOMPRENSIVO",RMIC8BY00L,"M.RICCI VIA CINA4",VIA CINA 4,00144,020,065298735,ROMA,ROMA,,RANUCCI VIVIANA
Lazio,Roma,"ISTITUTOCOMPRENSIVO",RMIC862007,"TACITO -GUARESCHI","VIA DELRISARO, 34/36",00127,020,0652371650,ROMA,"LOC.VITINIA",,RANUCCI VIVIANA
Lazio,Roma,"ISTITUTOCOMPRENSIVO",RMIC8EJ00R,"IC VIA  MATTEOBANDELLO","VIA   MATTEOBANDELLO, 30",00137,012,0687137117,ROMA,ROMA,,RAVA' ANNALISA
Lazio,Roma,"CONVITTONAZIONALE",RMVC010008,"VITTORIOEMANUELE II","PIAZZAMONTEGRAPPA        5",00195,025,063269981,ROMA,-,,REALE PAOLO MARIA
Lazio,Roma,LICEO CLASSICO,RMPC080007,"L.G.S ""ENNIOQUIRINOVISCONTI""","PIAZZA     DELCOLLEGIOROMANO 4",00186,009,06121124325,ROMA,ROMA,,RECH CLARA
Lazio,Roma,"ISTITUTOCOMPRENSIVO",RMIC87300N,"MANZIANA - VIAPISA, 21","VIA PISA , 21",00066,030,0699674162,MANZIANA,MANZIANA,,RELLA RENZA
Lazio,Roma,CPIA,"RMMM67300X",CPIA4,"VIAPALESTRO,38",,009,,ROMA,-,CPIA,RENZINI GIANNA
Lazio,Roma,LICEO CLASSICO,RMPC030006,ANCO MARZIO,"VIA CAPOPALINURO, 72",00122,021,06121122245,ROMA,"ROMA-OSTIA",,RICCIARDI ANNA MARIA
Lazio,Roma,LICEO CLASSICO,RMPC12000C,GIULIO CESARE,"CORSOTRIESTE 48",00198,010,06121124445,ROMA,ROMA,,RICCIARDI MICAELA
Lazio,Roma,"ISTITUTOCOMPRENSIVO",RMIC8FQ006,IC TULLIA ZEVI,"VIA PIRGOTELE20",00124,021,0650912100,ROMA,"CASALPALOCCO",,RIGANO EUGENIA
Lazio,Roma,"ISTITUTOCOMPRENSIVO",RMIC8FU00V,"I.C.""MARGHERITAHACK""","VIA CASIMIROMANASSEI,60",00151,024,0665741767,ROMA,ROMA,,RINZIVILLO CARLO
Lazio,Roma,"ISTITUTOCOMPRENSIVO",RMIC85600X,"I.C. FRATELLICERVI","VIACASETTAMATTEI      279",00148,023,066555010,ROMA,ROMA,,RINZIVILLO CARLO
Lazio,Roma,"ISTITUTO TECNICOINDUSTRIALE",RMTF330002,BIAGIO PASCAL,"VIABREMBIO 97",00188,028,06121124205,ROMA,-,,RIVERA GIOVANNI
Lazio,Roma,"ISTITUTO TECNICOPER IL TURISMO",RMTN01000T,"CRISTOFOROCOLOMBO","VIAPANISPERNA,255",00184,009,06121128205,ROMA,-,,RIZZI ESTER
Lazio,Roma,"LICEOSCIENTIFICO",RMPS060005,CAVOUR,"VIA        DELLECARINE 1",00184,009,06121122045,ROMA,ROMA,,RIZZI ESTER
Lazio,Roma,"ISTITUTO TECNICOINDUSTRIALE",RMTF15000D,"STANISLAOCANNIZZAROCOLLEFERRO","VIACONSOLARELATINA 263",00034,038,0697305280,COLLEFERRO,-,,ROCCHI ALBERTO
Lazio,Roma,"ISTITUTOCOMPRENSIVO",RMIC820005,"GIOVANNIPALOMBINI","VIA GIOVANNIPALOMBINI 39",00156,013,0686894489,ROMA,ROMA,,ROMAGNOLI SILVIA
Lazio,Roma,"ISTITUTOCOMPRENSIVO",RMIC8C200B,"I.C. COLLEFERROI","VIA B.BUOZZI43",00034,038,0697236786,COLLEFERRO,"COLLEFERRO",,ROMANI ANTONELLA
Lazio,Roma,"ISTITUTOCOMPRENSIVO",RMIC8ER00B,"IC VIA N.M.NICOLAI","VIA NICOLA M.NICOLAI 85",00156,013,0641220371,ROMA,ROMA,,ROMANO GABRIELLA
Lazio,Roma,"ISTITUTOCOMPRENSIVO",RMIC8G5009,IC VIA MAFFI,"VIA PIETROMAFFI 45",00168,027,063070579,ROMA,ROMA,,ROSSI FRANCA IDA
Lazio,Roma,LICEO CLASSICO,RMPC04000R,AUGUSTO,"VIA        GELA14",00182,017,06121124905,ROMA,ROMA,,RUBINACCI GIUSEPPINA
Lazio,Roma,"ISTITUTOCOMPRENSIVO",RMIC8G200T,IC VIA ORMEA,"VIA ORMEA, 6",00166,026,0661568456,ROMA,ROMA,,RUSSO GIUSEPPE
Lazio,Roma,"ISTITUTOCOMPRENSIVO",RMIC81000E,"GIORGIOPERLASCA","VIA RAMIROFABIANI, 45",00158,013,064505958,ROMA,ROMA,,SABATANO CLAUDIA
Lazio,Roma,"ISTITUTOCOMPRENSIVO",RMIC85900B,LA GIUSTINIANA,"VIA G. SILLA, 3",00189,028,0630365205,ROMA,-,,SABATANO CLAUDIA
Lazio,Roma,"ISTITUTOCOMPRENSIVO",RMIC8AZ00T,"SEGNI VIAMARCONI,15","P.ZZARISORGIMENTO,27",00037,038,069768153,SEGNI,SEGNI,,SACCUCCI MARCO
Lazio,Roma,"ISTITUTOCOMPRENSIVO",RMIC80100Q,"ISTITUTOCOMPRENSIVOLEONE XIII","VIA SANPIETRO,30",00032,038,0697189034,"CARPINETOROMANO","CARPINETOROMANO",,SACCUCCI MARCO
Lazio,Roma,LICEO CLASSICO,RMPC23000X,"TERENZIOMAMIANI","VIALE DELLEMILIZIE, 30",00192,025,06121124145,ROMA,ROMA,,SALLUSTI TIZIANA
Lazio,Roma,LICEO ARTISTICO,RMSL04000R,"IV LICEOARTISTICO""A.CARAVILLANI""","PIAZZA DELRISORGIMENTO, 46/B",00192,025,06121124175,ROMA,ROMA,,"SALLUSTI TIZIANAReggente fino al 3/7/2017(CHIAROLANZAGIUSEPPINA Titolare)"
Lazio,Roma,"ISTITUTOCOMPRENSIVO",RMIC8B200R,"ORSAMAGGIORE","VIA ORSAMAGGIORE,112",00144,020,0652207789,ROMA,ROMA,,SANCANDI STEFANO
Lazio,Roma,"ISTITUTOCOMPRENSIVO",RMIC8B0005,G. PALLAVICINI,"VIA DONPASQUINOBORGHI, 165",00144,020,065290710,ROMA,ROMA,,SANNINO FILOMENA
Lazio,Roma,LICEO CLASSICO,RMPC200004,LC ARISTOFANE,"VIAMONTERESEGONE 3",00139,012,06121125005,ROMA,ROMA,,SANSEVERINO SILVIA
Lazio,Roma,"ISTITUTOCOMPRENSIVO",RMIC875009,"LUIGIPIRANDELLO","VIAAPPENNINI,53",00013,032,0690531964,"FONTENUOVA","FONTENUOVA",,SANSOTTA ANTONIO
Lazio,Roma,"ISTITUTOSUPERIORE",RMIS09400V,"PACINOTTI -ARCHIMEDE","VIAMONTAIONE15",00139,012,06121123205,ROMA,ROMA,,SANTAGATA VALERIA
Lazio,Roma,"ISTITUTOCOMPRENSIVO",RMIC82200R,"VIA CASALBIANCO","VIA        CASALBIANCO140",00131,013,064190100,ROMA,"SETTECAMINI",,SANTORO LUCIANA
Lazio,Roma,"ISTITUTOCOMPRENSIVO",RMIC8EX00Q,IC OLCESE,"VIA OLCESE,16",00155,015,062301748,ROMA,ROMA,,SANTORO TIZIANA
Lazio,Roma,"ISTITUTOCOMPRENSIVO",RMIC8E200L,VIA P.R.PIROTTA,"VIAP.R.PIROTTA,95/A",00171,015,062155001,ROMA,ROMA,,SANTORO TIZIANA
Lazio,Roma,"ISTITUTO TECNICOAGRARIO",RMTA070005,"G.GARIBALDIANNESSOCONV.""G.GARIBALDI""","VIAARDEATINA524",00179,019,065037107,ROMA,-,"CONVITTOANNESSO",SAPIA FRANCO ANTONIO
Lazio,Roma,"DIREZIONEDIDATTICA",RMEE309003,"VIA GIACOMOMATTEOTTI","VIA GIACOMOMATTEOTTI, 7",00040,041,069122310,POMEZIA,POMEZIA,,SAPIA FRANCO ANTONIO
Lazio,Roma,"ISTITUTOCOMPRENSIVO",RMIC8CV00V,"VIA LATINA, 303","VIA LATINA,303",00179,017,067880095,ROMA,ROMA,,SAPIA ROSANNA
Lazio,Roma,"ISTITUTOSUPERIORE",RMIS02400L,"ISTRUZIONESUPERIORE VIADELLE SCIENZE","VIA DELLESCIENZE EDELLATECNICA S.N.C.",00034,038,06121126040,COLLEFERRO,"COLLEFERRO",,"SAPONE ANTONIOSALVATORE"
Lazio,Roma,"ISTITUTOCOMPRENSIVO",RMIC8BQ008,"CHIODIDIONIGIOROMEO","VIA APPIANO,15",00136,027,0639736694,ROMA,ROMA,,SARNI INCORONATA
Lazio,Roma,"ISTITUTOSUPERIORE",RMIS11400V,"EVANGELISTATORRICELLI","VIA FORTEBRASCHI, 99",00167,026,06121127200,ROMA,ROMA,,SCALA ANNA MARIA
Lazio,Roma,"SCUOLAMAGISTRALE",RMPQ010009,MONTESSORI,"VIALIVENZA 8",00198,010,06 121124505,ROMA,-,,SCANCARELLO GIOVANNI
Lazio,Roma,"ISTITUTOCOMPRENSIVO",RMIC8DS002,"IC KAROLWOJTYLA","PIAZZAUNGHERIA",00036,036,0695307077,PALESTRINA,"PALESTRINA",,SCANDURRA MANUELA
Lazio,Roma,"ISTITUTOCOMPRENSIVO",RMIC8AA00A,"TIBERIOGULLUNI","VIACAPOCROCE, 4",00030,037,069438431,COLONNA,COLONNA,,SCANDURRA MANUELA
Lazio,Roma,"ISTITUTOSUPERIORE",RMIS05700X,ENRICO MATTEI,"VIASETTEVENEPALO NUOVA,S.N.C.",00052,030,069943575,CERVETERI,-,,SCARAMELLA DANIELA
Lazio,Roma,"ISTITUTOCOMPRENSIVO",RMIC88000R,"ESPAZIA -MONTEROTONDO","VIA XXSETTEMBRE,42 -MONTEROTONDO",00015,032,069061981,"MONTEROTONDO","MONTEROTONDO",,SCAVO MARILENA
Lazio,Roma,LICEO CLASSICO,RMPC39000C,JAMES JOYCE,"VIA A. DEGASPERI, 20",00040,042,,ARICCIA,-,,SCIALIS ROBERTO
Lazio,Roma,"ISTITUTOSUPERIORE",RMIS09600E,"VIA ROMANA11/13","VIAROMANA11/13",00043,040,06121127765,CIAMPINO,"PANTANELLA",,SCIALIS ROBERTO
Lazio,Roma,"ISTITUTOSUPERIORE",RMIS10300C,"GIULIO VERNE -VIA DISAPONARA","VIA DISAPONARA150",00125,021,06121125745,ROMA,ACILIA,,SCIARMA PATRIZIA
Lazio,Roma,"ISTITUTOCOMPRENSIVO",RMIC89000B,"IC V TIVOLIBAGNI","VIA COLLODI, 6",00011,034,0774371991,TIVOLI,"TIVOLITERME",,SCIARRINI LILIANA
Lazio,Roma,"ISTITUTOCOMPRENSIVO",RMIC8AB006,"GALLICANO NELLAZIO VIA TRENOV","VIA TRENOVEMBRE,11",00010,036,0695460081,"GALLICANONEL LAZIO","GALLICANO NELLAZIO",,SCIOMMER TIZIANA
Lazio,Roma,"LICEOSCIENTIFICO",RMPS450002,"TULLIO LEVI-CIVITA D.P.R.","VIA TORREANNUNZIATA,11-13",00177,014,06121122455,ROMA,ROMA,,SCIPIONI CLAUDIA
Lazio,Roma,"ISTITUTOSUPERIORE",RMIS051001,"GIACOMOQUARENGHI","VIA DI VILLASCARPELLINI,SNC",00028,035,077485504,SUBIACO,-,,"SEBASTIANI MARIAROSARIA"
Lazio,Roma,"ISTITUTOSUPERIORE",RMIS027004,"I.I.S. GIOSUE'CARDUCCI","VIA ASMARA,28",00199,010,06121124485,ROMA,ROMA,,SENESI PAOLA
Lazio,Roma,"LICEOSCIENTIFICO",RMPS030009,AVOGADRO,"VIABRENTA 26",00198,010,06121125905,ROMA,-,,SENNI STEFANIA
Lazio,Roma,"ISTITUTOCOMPRENSIVO",RMIC8E800G,"IC VIA S.BIAGIOPLATANI","VIA S.BIAGIOPLATANI, 260",00133,016,062008260,ROMA,ROMA,,SENTILI VALERIA
Lazio,Roma,CPIA,"RMMM67000C",CPIA 1,"VIA C.ACORTINA, 70",,013,,ROMA,-,CPIA,SERRU MARIA VITTORIA
Lazio,Roma,CPIA,"RMMM67400Q",CPIA 7,"VIA DELLATECNICA, 3",,041,,POMEZIA,-,CPIA,SERRU MARIA VITTORIA
Lazio,Roma,ISTITUTO D'ARTE,RMSD11000B,PABLO PICASSO,"VIACAVOUR 5",00040,041,121128445,POMEZIA,-,,SILVESTRI ALESSANDRA
Lazio,Roma,LICEO CLASSICO,RMPC14000N,MANARA,"VIA BASILIOBRICCI 4",00152,024,06121127825,ROMA,-,,SILVESTRI ALESSANDRA
Lazio,Roma,"ISTITUTOCOMPRENSIVO",RMIC87800R,SANDRO PERTINI,"VIA VINCENZOCUOCO, 63",00013,032,069056485,"FONTENUOVA","FONTENUOVA",,SILVI ADELAIDE
Lazio,Roma,"ISTITUTOCOMPRENSIVO",RMIC8CB00B,"MENTANA ""VIAPARIBENI, 10""","VIA ROBERTOPARIBENI N.10",00013,032,069090078,MENTANA,MENTANA,,SILVI ADELAIDE
Lazio,Roma,"ISTITUTOCOMPRENSIVO",RMIC8CC007,"IC ""VIA TOR DESCHIAVI, 175""","VIA DEIGLICINI, 60",00172,015,0623230088,ROMA,RM,,SIMONCINI CHIARA
Lazio,Roma,"ISTITUTOCOMPRENSIVO",RMIC82400C,"I.C. ALBERTOMANZI","VIA DELPIGNETO ,301",00176,014,06299109,ROMA,ROMA,,SIMONELLI ANNA
Lazio,Roma,"ISTITUTOCOMPRENSIVO",RMIC8GK00T,"I.C. LARGO S.PIOV","L.GO S.PIO V20",00165,026,0666000096,ROMA,ROMA,,SIMONESCHI GIOVANNI
Lazio,Roma,"LICEOSCIENTIFICO",RMPS49000C,"LICEO""FARNESINA""","VIA GIOCHIISTMICI, 64",00135,028,0636299595,ROMA,-,,SISTOPAOLI ALESSANDRA
Lazio,Roma,"ISTITUTOCOMPRENSIVO",RMIC89400P,"TOLFA C.U. ""VIALIZZERA""","VIA LIZZERA,19",00059,029,076692036,TOLFA,TOLFA,,SOMMA LAURA
Lazio,Roma,"ISTITUTOCOMPRENSIVO",RMIC819001,REGINA ELENA,VIA PUGLIE 6,00187,009,0642819809,ROMA,ROMA,,SONNINO ROSSELLA
Lazio,Roma,"ISTITUTOCOMPRENSIVO",RMIC8GD00D,"IC ALESSANDROMANZONI","VIALUSITANIA, 16",00183,017,0670491776,ROMA,ROMA,,SORCE IVANA
Lazio,Roma,"ISTITUTOCOMPRENSIVO",RMIC83800A,"I.C. ""C.COLOMBO""","VIADELL'IPPOCAMPO, 41",00054,022,0665210784,FIUMICINO,FIUMICINO,,SORCE MARIA PIA
Lazio,Roma,"ISTITUTOCOMPRENSIVO",RMIC8DL00T,IC G.B. GRASSI,"VIA DELSERBATOIO,32",00054,022,0665210686,FIUMICINO,FIUMICINO,,SORCE MARIA PIA
Lazio,Roma,"ISTITUTOCOMPRENSIVO",RMIC8CZ006,"VIACAROTENUTO 30","VIACAROTENUTO,30",00125,021,065259657,ROMA,-,,SPANO' FEDERICO
Lazio,Roma,"ISTITUTOCOMPRENSIVO",RMIC817009,"VIAGUICCIARDINI, 8","VIAGUICCIARDINI8",00184,009,0670453919,ROMA,ROMA,,STRANI MARIA TERESA
Lazio,Roma,"ISTITUTOCOMPRENSIVO",RMIC8FN00P,IC VIALE VEGA,"V.LE VEGA, 91",00122,021,0656304550,ROMA,"ZONAOSTIA LIDO",,STRAZZANTI BENIAMINA
Lazio,Roma,"ISTITUTOCOMPRENSIVO",RMIC8FY006,"I.C. VIAD'AVARNA","VIAD'AVARNA9/11",00151,024,0665743707,ROMA,ROMA,,TASSANI ROBERTO
Lazio,Roma,"ISTITUTOCOMPRENSIVO",RMIC8GY00R,"IC VIA ORATORIODAMASIANO","VIA ORATORIODAMASIANO20",00148,023,066535690,ROMA,ROMA,,TASSANI ROBERTO
Lazio,Roma,"ISTITUTOCOMPRENSIVO",RMIC8D900R,I.C. VIA VOLSINIO,"VIA VOLSINIO,23",00199,010,068546344,ROMA,ROMA,,TEODORO LOREDANA
Lazio,Roma,"ISTITUTOCOMPRENSIVO",RMIC842002,NINO ROTA,"VIA F. S.BENUCCI, 32",00149,023,0655284893,ROMA,ROMA,,TERMITE LOREDANA
Lazio,Roma,"ISTITUTOCOMPRENSIVO",RMIC8FX00A,"I.C. VIABRAVETTA","VIABRAVETTA,336",00164,024,0666153848,ROMA,ROMA,,TERMITE LOREDANA
Lazio,Roma,"IST PROF PER ISERVIZIALBERGHIERI ERISTORAZIONE",RMRH06000V,UGO TOGNAZZI,"VIA SALVOD'ACQUISTO,61",00049,039,0696195083,VELLETRI,VELLETRI,,TETTI SANDRA
Lazio,Roma,"ISTITUTOCOMPRENSIVO",RMIC8FB007,"IC VIAPOSEIDONE","VIAPOSEIDONE,66",00133,016,062014794,ROMA,"TORREANGELA",,TIBERIO ANNA RITA
Lazio,Roma,"ISTITUTOSUPERIORE",RMIS04600D,STENDHAL,"VIA DELLAPOLVERIERA,2",00053,029,06121126020,"CIVITAVECCHIA","CIVITAVECCHIA",,TINTI STEFANIA
Lazio,Roma,"ISTITUTOCOMPRENSIVO",RMIC8ED008,"IC PIAGET-MAJORANA","PIAZZAMINUCCIANO,33",00139,012,0688386350,ROMA,ROMA,,TODINI MARINA
Lazio,Roma,"LICEOSCIENTIFICO",RMPS05000E,CANNIZZARO,"VIALE DELLACIVILTA'DELLAVORO 2/D",00144,020,0652798140,ROMA,-,,TOMAO GIUSEPPA
Lazio,Roma,"ISTITUTOCOMPRENSIVO",RMIC825008,"MARCELLOMASTROIANNI","VIAORVIETO,45",00182,017,067015931,ROMA,ROMA,,TOMAO GIUSEPPA
Lazio,Roma,"IST PROF PER ISERVIZIALBERGHIERI ERISTORAZIONE",RMRH01000T,"IPSSAR ""TORCARBONE""","VIA TORCARBONE,53",00178,019,062600,ROMA,-,,TONELLI CRISTINA
Lazio,Roma,"ISTITUTOCOMPRENSIVO",RMIC85100R,W. A. MOZART,"VIALE DICASTELPORZIANO516",00124,021,0650914612,ROMA,"ROMA -INFERNETTO",,TONELLI CRISTINA
Lazio,Roma,"ISTITUTO TECNICOINDUSTRIALE",RMTF200009,"GIANCARLOVALLAURI","VIALESALVOD'ACQUISTO,43",00049,039,069626029,VELLETRI,VELLETRI,,TORALDO ANNA
Lazio,Roma,"LICEOSCIENTIFICO",RMPS320009,LS A. LANDI,"VIA SALVODACQUISTO 61",00049,039,06121125780,VELLETRI,VELLETRI,,TORO ROBERTO
Lazio,Roma,"ISTITUTOCOMPRENSIVO",RMIC8AQ00N,"LEONIDAMONTANARI","VIA C.BATTISTI, 14",00040,037,069499928,"ROCCA DIPAPA","ROCCA DIPAPA",,TORRONI GIOVANNI
Lazio,Roma,"ISTITUTOCOMPRENSIVO",RMIC8DE00D,IC FRASCATI I,"VIARISORGIMENTO, 3",00044,037,069421091,FRASCATI,FRASCATI,,TORRONI GIOVANNI
Lazio,Roma,"ISTITUTOCOMPRENSIVO",RMIC8A7009,PRIMO LEVI,"VIAPALAVERTA,69",00040,040,0693540044,MARINO,"LOC.FRATTOCCHIE",,TOSCANO FRANCESCA
Lazio,Roma,"ISTITUTOCOMPRENSIVO",RMIC8AT005,"DON LORENZOMILANI","VIACOSTAGRANDE, 18/C",00040,037,069449282,"MONTEPORZIOCATONE","MONTEPORZIOCATONE",,TOTA FABIOLA
Lazio,Roma,"ISTITUTOCOMPRENSIVO",RMIC8E700Q,"IC VIAACQUARONI","VIAACQUARONI,53",00133,016,062050607,ROMA,ROMA,,TRAPANI SILVANA
Lazio,Roma,"ISTITUTOCOMPRENSIVO",RMIC8DG005,"IC DON BOSCOCOLLEFERRO","VIA SILVIOPELLICO, 1",00034,038,0697304062,COLLEFERRO,"COLLEFERRO",,TREZZA MARIKA
Lazio,Roma,"ISTITUTOCOMPRENSIVO",RMIC889007,"BELLEGRA -FRANCESCOD'ASSISI","VIA P. G.SPOLETINI, 29",00030,035,069565025,BELLEGRA,BELLEGRA,,TREZZA MARIKA
Lazio,Roma,"ISTITUTOCOMPRENSIVO",RMIC8F100B,"I.C. LARGO DINOBUZZATI","LARGO DINOBUZZATI, 13",00144,020,0645419421,ROMA,ROMA,,TRIOLO VITO
Lazio,Roma,"ISTITUTOCOMPRENSIVO",RMIC85800G,"IC VIA CASSIA1694","VIA CASSIA1694",00123,028,0630890110,ROMA,LA STORTA,,TRIPICIANO VERA
Lazio,Roma,"DIREZIONEDIDATTICA",RMEE00700R,MONTESSORI,"VIA S.M.GORETTI 41",00199,010,0686208392,ROMA,ROMA,,"TRIPICIANO VERA LAURAMARIA"
Lazio,Roma,"ISTITUTOCOMPRENSIVO",RMIC8DZ00R,IC SUBIACO,"VIA C. A.DALLA CHIESASNC",00028,035,0774816300,SUBIACO,SUBIACO,,TROMBETTA GIANFRANCO
Lazio,Roma,"ISTITUTOCOMPRENSIVO",RMIC8AM006,"I.C. DI OLEVANOROMANO","PIAZZA KAROLWOJTYLA, 1",00035,035,069564021,"OLEVANOROMANO","OLEVANOROMANO",,TROMBETTA GIANFRANCO
Lazio,Roma,"ISTITUTOCOMPRENSIVO",RMIC8EM008,"IC VIA C. A.CORTINA","VIA C.A.CORTINA, 70",00159,013,0643598619,ROMA,ROMA,,TROPEA ELENA
Lazio,Roma,"ISTITUTOCOMPRENSIVO",RMIC834003,"FANELLI -F.MARINI","VIAFRANCESCOORIOLI, 34",00119,021,065650388,ROMA,"ZONAOSTIAANTICA",,UCCHINO TIZIANA
Lazio,Roma,"ISTITUTOCOMPRENSIVO",RMIC8FA00B,"IC VIA CASALEDEL FINOCCHIO","VIA CASALEDELFINOCCHIO, 56",00132,016,0620764796,ROMA,ROMA,,UNCINOTTIPAOLA
Lazio,Roma,"LICEOSCIENTIFICO",RMPS17000L,NEWTON,"V.LEMANZONI 47",00185,009,0670492426,ROMA,-,,URAS IVANA
Lazio,Roma,LICEO CLASSICO,RMPC07000L,"DANTEALIGHIERI","VIA        ENNIOQUIRINOVISCONTI 13",00193,025,06121124725,ROMA,-,,URSO MARIA
Lazio,Roma,"ISTITUTOCOMPRENSIVO",RMIC876005,"RIANO VIAGIOVANNI XXIII","VIA GIOVANNIXXIII, 2",00060,031,069031042,RIANO,"LOCMONTECHIARA",,VAZZA GIULIANA
Lazio,Roma,"ISTITUTOSUPERIORE",RMIS08700Q,"ANGELOFRAMMARTINO","PIAZZA S.MARIA DELLEGRAZIE, 10",00015,032,06121125861,"MONTEROTONDO",-,,VAZZA GIULIANA
Lazio,Roma,"ISTITUTO TECNICOINDUSTRIALE",RMTF10000C,GIORGI,"VIALE P.TOGLIATTI1161",00155,015,0621800646,ROMA,-,,VENANZI ROSA
Lazio,Roma,"IST TECCOMMERCIALE EPER GEOMETRI",RMTD640001,"PAOLOTOSCANELLI","VIA DELLERANDE 22",00122,021,06121127590,ROMA,"ROMA-LIDO",,VENDITTI MADDALENA
Lazio,Roma,"ISTITUTOCOMPRENSIVO",RMIC8FS007,"I.C. GIUSEPPEBAGNERA","VIA GIUSEPPEBAGNERA, 64",00146,023,065580690,ROMA,ROMA,,VENO ROSALIA
Lazio,Roma,"ISTITUTOCOMPRENSIVO",RMIC8B800Q,"I.C. ANTONIOGRAMSCI","VIAAFFOGALASINO        120",00148,023,066530601,ROMA,-,,VENO ROSALIA
Lazio,Roma,"ISTITUTO TECNICOCOMMERCIALE",RMTD030005,V. ARANGIO RUIZ,"VIALE AFRICA,109",00144,020,06121124080,ROMA,-,,VENTRICELLI GIULIANA
Lazio,Roma,"ISTITUTOCOMPRENSIVO",RMIC89300V,"IC  TIVOLI II -TIVOLI CENTRO","VIA DEI PINI,19",00019,034,0774312203,TIVOLI,TIVOLI,,VIGNOLI SANDRA
Lazio,Roma,"ISTITUTOSUPERIORE",RMIS10800G,"VIA SILVESTRI,301","VIASILVESTRI 301",00164,024,06121127660,ROMA,ROMA,,VIGOROSO PAOLA
Lazio,Roma,"ISTITUTOSUPERIORE",RMIS03100Q,PAOLO BAFFI,"VIA LORENZOBEZZI 51/53",00054,022,0665024526,FIUMICINO,FIUMICINO,,VIGOROSO PAOLA
Lazio,Roma,"ISTITUTOCOMPRENSIVO",RMIC870006,"ISTCOMP.STAT.CIVITELLA S.PAOLO","VIA UMBERTOI, 15",00060,031,0765335124,"CIVITELLASAN PAOLO","CIVITELLASANPAOLO",,VILLANI LUCA RINALDO
Lazio,Roma,"ISTITUTOSUPERIORE",RMIS064003,BLAISE PASCAL,"VIA PIETRONENNI 48",00040,041,0612112754,POMEZIA,POMEZIA,,VIRLI LAURA
Lazio,Roma,CPIA,"RMMM671008",CPIA 2,"VIAVITAGLIANOPONTI, 30",,016,,ROMA,-,CPIA,VITALE STEFANO
Lazio,Roma,"IST PROF PER ISERVIZIALBERGHIERI ERISTORAZIONE",RMRH030003,"M.G.APICIO -ANZIO","VIAGRAMSCI,110",00042,043,069848208,ANZIO,ANZIO,,VITALE STEFANO
Lazio,Roma,"ISTITUTOCOMPRENSIVO",RMIC8F3003,I.C. VIA NITTI,"VIA F.S.NITTI,61",00191,028,0636304908,ROMA,ROMA,,VITALIANO ELISA MARZIA
Lazio,Roma,"ISTITUTOCOMPRENSIVO",RMIC8D7005,"IC VIA U.BOCCIONI","VIA        U.BOCCIONI12",00197,010,068082153,ROMA,ROMA,,VITALIANO ELISAMARZIA
Lazio,Roma,"ISTITUTOCOMPRENSIVO",RMIC80600V,"ISTITUTOCOMPRENSIVOVIRGILIO","VIA        GIULIA25",00186,009,066861390,ROMA,ROMA,,VOCATURO ISABELLA
Lazio,Roma,"ISTITUTOCOMPRENSIVO",RMIC8FG00A,"IC VIA SANTISAVARINO","VIA SANTISAVARINO, 16",00128,020,065083954,ROMA,ROMA,,"VOLPE RINONAPOLI LINARITA"
Lazio,Roma,"ISTITUTOCOMPRENSIVO",RMIC80300B,"PADREROMUALDOFORMATO","VIAARDEATINA,1274",00134,020,0671355006,ROMA,ROMA,,"VOLPE RINONAPOLI LINARITA"
Lazio,Roma,"ISTITUTOCOMPRENSIVO",RMIC8AY002,"IST.COMPR.ALBANO LOC.CECCHINA","PIAZZA XXVAPRILE",00041,042,069340133,"ALBANOLAZIALE",CECCHINA,,VOLPONES PIETRO
Lazio,Roma,"ISTITUTOSUPERIORE",RMIS026008,"LICEO STATALENICCOLO'MACHIAVELLI","PIAZZAINDIPENDENZA 7",00185,009,064452370,ROMA,ROMA,,ZACCHILLI ELENA
Lazio,Roma,"LICEOSCIENTIFICO",RMPS130006,"GALILEI -CIVITAVECCHIA","VIADELL'IMMACOLATA   4",00053,029,06121124345,"CIVITAVECCHIA","CIVITAVECCHIA",,ZENO MARIA
Lazio,Roma,"ISTITUTOCOMPRENSIVO",RMIC8B300L,"RITA LEVIMONTALCINI","VIA V. ALFIERIS.N.C.",00039,036,0695430821,ZAGAROLO,"VALLEMARTELLAZAGAROLO",,ZICHELLA CARLO
Lazio,Roma,"LICEOSCIENTIFICO",RMPS24000N,MORGAGNI,"VIAFONTEIANA125",00152,024,06121123785,ROMA,ROMA,,ZONA LORETTA
Lazio,Roma,"ISTITUTOCOMPRENSIVO",RMIC8FF00E,"IC POGGIALISPIZZICHINO","VIA  ARISTIDELEONORI, 74",00147,019,0654230518,ROMA,ROMA,,ZONA LORETTA
